week,game,player_name,team_name,team_logo,prop_type,line,over_odds,under_odds,sportsbook,scrape_timestamp
11,New York Jets @ New England Patriots,Drake Maye,New England Patriots,https://assets.sportsbook.fanduel.com/images/team/nfl/new_england_patriots.png,Passing + Rushing Yds,265.5,-113,-113,FanDuel,2025-11-13T11:52:24.885749
11,New York Jets @ New England Patriots,Drake Maye,New England Patriots,https://assets.sportsbook.fanduel.com/images/team/nfl/new_england_patriots.png,1st Qtr Passing + Rushing Yds,67.5,-111,-115,FanDuel,2025-11-13T11:52:24.885749
11,New York Jets @ New England Patriots,Justin Fields,New York Jets,https://assets.sportsbook.fanduel.com/images/team/nfl/new_york_jets.png,Passing Yds,129.5,-112,-112,FanDuel,2025-11-13T11:52:24.885749
11,New York Jets @ New England Patriots,Drake Maye,New England Patriots,https://assets.sportsbook.fanduel.com/images/team/nfl/new_england_patriots.png,Passing Yds,236.5,-112,-112,FanDuel,2025-11-13T11:52:24.885749
11,New York Jets @ New England Patriots,Drake Maye,New England Patriots,https://assets.sportsbook.fanduel.com/images/team/nfl/new_england_patriots.png,Longest Pass,36.5,-114,-114,FanDuel,2025-11-13T11:52:24.885749
11,New York Jets @ New England Patriots,Justin Fields,New York Jets,https://assets.sportsbook.fanduel.com/images/team/nfl/new_york_jets.png,Passing TDs,0.5,-118,-108,FanDuel,2025-11-13T11:52:24.885749
11,New York Jets @ New England Patriots,Drake Maye,New England Patriots,https://assets.sportsbook.fanduel.com/images/team/nfl/new_england_patriots.png,Pass Completions,19.5,-106,-120,FanDuel,2025-11-13T11:52:24.885749
11,New York Jets @ New England Patriots,Drake Maye,New England Patriots,https://assets.sportsbook.fanduel.com/images/team/nfl/new_england_patriots.png,Passing TDs,1.5,-164,128,FanDuel,2025-11-13T11:52:24.885749
11,New York Jets @ New England Patriots,Drake Maye,New England Patriots,https://assets.sportsbook.fanduel.com/images/team/nfl/new_england_patriots.png,Pass Attempts,28.5,104,-135,FanDuel,2025-11-13T11:52:24.885749
11,New York Jets @ New England Patriots,Drake Maye,New England Patriots,https://assets.sportsbook.fanduel.com/images/team/nfl/new_england_patriots.png,1st Qtr Passing Yds,59.5,-113,-113,FanDuel,2025-11-13T11:52:24.885749
11,New York Jets @ New England Patriots,Breece Hall,New York Jets,https://assets.sportsbook.fanduel.com/images/team/nfl/new_york_jets.png,Total Receptions,2.5,108,-138,FanDuel,2025-11-13T11:52:24.885749
11,New York Jets @ New England Patriots,Breece Hall,New York Jets,https://assets.sportsbook.fanduel.com/images/team/nfl/new_york_jets.png,Longest Reception,9.5,-120,-110,FanDuel,2025-11-13T11:52:24.885749
11,New York Jets @ New England Patriots,Demario Douglas,New England Patriots,https://assets.sportsbook.fanduel.com/images/team/nfl/new_england_patriots.png,Receiving Yds,23.5,-112,-112,FanDuel,2025-11-13T11:52:24.885749
11,New York Jets @ New England Patriots,Breece Hall,New York Jets,https://assets.sportsbook.fanduel.com/images/team/nfl/new_york_jets.png,Rushing + Receiving Yds,75.5,-114,-114,FanDuel,2025-11-13T11:52:24.885749
11,New York Jets @ New England Patriots,Breece Hall,New York Jets,https://assets.sportsbook.fanduel.com/images/team/nfl/new_york_jets.png,Receiving Yds,16.5,-112,-112,FanDuel,2025-11-13T11:52:24.885749
11,New York Jets @ New England Patriots,Breece Hall,New York Jets,https://assets.sportsbook.fanduel.com/images/team/nfl/new_york_jets.png,1st Qtr Receiving Yds,0.5,138,-170,FanDuel,2025-11-13T11:52:24.885749
11,New York Jets @ New England Patriots,Adonai Mitchell,New York Jets,https://assets.sportsbook.fanduel.com/images/team/nfl/new_york_jets.png,Receiving Yds,13.5,-112,-112,FanDuel,2025-11-13T11:52:24.885749
11,New York Jets @ New England Patriots,Tyler Johnson,New York Jets,https://assets.sportsbook.fanduel.com/images/team/nfl/new_york_jets.png,Longest Reception,15.5,-110,-120,FanDuel,2025-11-13T11:52:24.885749
11,New York Jets @ New England Patriots,Adonai Mitchell,New York Jets,https://assets.sportsbook.fanduel.com/images/team/nfl/new_york_jets.png,Total Receptions,1.5,150,-192,FanDuel,2025-11-13T11:52:24.885749
11,New York Jets @ New England Patriots,Tyler Johnson,New York Jets,https://assets.sportsbook.fanduel.com/images/team/nfl/new_york_jets.png,Receiving Yds,23.5,-112,-112,FanDuel,2025-11-13T11:52:24.885749
11,New York Jets @ New England Patriots,Arian Smith,New York Jets,https://assets.sportsbook.fanduel.com/images/team/nfl/new_york_jets.png,Receiving Yds,12.5,-112,-112,FanDuel,2025-11-13T11:52:24.885749
11,New York Jets @ New England Patriots,TreVeyon Henderson,New England Patriots,https://assets.sportsbook.fanduel.com/images/team/nfl/new_england_patriots.png,Receiving Yds,16.5,-112,-112,FanDuel,2025-11-13T11:52:24.885749
11,New York Jets @ New England Patriots,Tyler Johnson,New York Jets,https://assets.sportsbook.fanduel.com/images/team/nfl/new_york_jets.png,Total Receptions,1.5,-176,138,FanDuel,2025-11-13T11:52:24.885749
11,New York Jets @ New England Patriots,Arian Smith,New York Jets,https://assets.sportsbook.fanduel.com/images/team/nfl/new_york_jets.png,Longest Reception,10.5,-108,-122,FanDuel,2025-11-13T11:52:24.885749
11,New York Jets @ New England Patriots,Adonai Mitchell,New York Jets,https://assets.sportsbook.fanduel.com/images/team/nfl/new_york_jets.png,Longest Reception,11.5,-112,-118,FanDuel,2025-11-13T11:52:24.885749
11,New York Jets @ New England Patriots,Arian Smith,New York Jets,https://assets.sportsbook.fanduel.com/images/team/nfl/new_york_jets.png,Total Receptions,1.5,126,-160,FanDuel,2025-11-13T11:52:24.885749
11,New York Jets @ New England Patriots,Demario Douglas,New England Patriots,https://assets.sportsbook.fanduel.com/images/team/nfl/new_england_patriots.png,Longest Reception,15.5,-122,-110,FanDuel,2025-11-13T11:52:24.885749
11,New York Jets @ New England Patriots,Kyle Williams,New England Patriots,https://assets.sportsbook.fanduel.com/images/team/nfl/new_england_patriots.png,Longest Reception,14.5,-110,-120,FanDuel,2025-11-13T11:52:24.885749
11,New York Jets @ New England Patriots,Hunter Henry,New England Patriots,https://assets.sportsbook.fanduel.com/images/team/nfl/new_england_patriots.png,Receiving Yds,37.5,-112,-112,FanDuel,2025-11-13T11:52:24.885749
11,New York Jets @ New England Patriots,Mason Taylor,New York Jets,https://assets.sportsbook.fanduel.com/images/team/nfl/new_york_jets.png,Total Receptions,4.5,108,-136,FanDuel,2025-11-13T11:52:24.885749
11,New York Jets @ New England Patriots,Mack Hollins,New England Patriots,https://assets.sportsbook.fanduel.com/images/team/nfl/new_england_patriots.png,Total Receptions,3.5,102,-130,FanDuel,2025-11-13T11:52:24.885749
11,New York Jets @ New England Patriots,Mack Hollins,New England Patriots,https://assets.sportsbook.fanduel.com/images/team/nfl/new_england_patriots.png,1st Qtr Receiving Yds,7.5,-110,-110,FanDuel,2025-11-13T11:52:24.885749
11,New York Jets @ New England Patriots,Mason Taylor,New York Jets,https://assets.sportsbook.fanduel.com/images/team/nfl/new_york_jets.png,Receiving Yds,32.5,-112,-112,FanDuel,2025-11-13T11:52:24.885749
11,New York Jets @ New England Patriots,Stefon Diggs,New England Patriots,https://assets.sportsbook.fanduel.com/images/team/nfl/new_england_patriots.png,Longest Reception,21.5,-110,-120,FanDuel,2025-11-13T11:52:24.885749
11,New York Jets @ New England Patriots,Mack Hollins,New England Patriots,https://assets.sportsbook.fanduel.com/images/team/nfl/new_england_patriots.png,Longest Reception,18.5,-122,-108,FanDuel,2025-11-13T11:52:24.885749
11,New York Jets @ New England Patriots,Mason Taylor,New York Jets,https://assets.sportsbook.fanduel.com/images/team/nfl/new_york_jets.png,Longest Reception,14.5,-102,-130,FanDuel,2025-11-13T11:52:24.885749
11,New York Jets @ New England Patriots,Hunter Henry,New England Patriots,https://assets.sportsbook.fanduel.com/images/team/nfl/new_england_patriots.png,Longest Reception,18.5,-112,-118,FanDuel,2025-11-13T11:52:24.885749
11,New York Jets @ New England Patriots,Mack Hollins,New England Patriots,https://assets.sportsbook.fanduel.com/images/team/nfl/new_england_patriots.png,Receiving Yds,40.5,-112,-112,FanDuel,2025-11-13T11:52:24.885749
11,New York Jets @ New England Patriots,Stefon Diggs,New England Patriots,https://assets.sportsbook.fanduel.com/images/team/nfl/new_england_patriots.png,Receiving Yds,56.5,-112,-112,FanDuel,2025-11-13T11:52:24.885749
11,New York Jets @ New England Patriots,Mason Taylor,New York Jets,https://assets.sportsbook.fanduel.com/images/team/nfl/new_york_jets.png,1st Qtr Receiving Yds,4.5,-110,-110,FanDuel,2025-11-13T11:52:24.885749
11,New York Jets @ New England Patriots,TreVeyon Henderson,New England Patriots,https://assets.sportsbook.fanduel.com/images/team/nfl/new_england_patriots.png,Rushing + Receiving Yds,97.5,-112,-118,FanDuel,2025-11-13T11:52:24.885749
11,New York Jets @ New England Patriots,TreVeyon Henderson,New England Patriots,https://assets.sportsbook.fanduel.com/images/team/nfl/new_england_patriots.png,1st Qtr Receiving Yds,0.5,104,-128,FanDuel,2025-11-13T11:52:24.885749
11,New York Jets @ New England Patriots,TreVeyon Henderson,New England Patriots,https://assets.sportsbook.fanduel.com/images/team/nfl/new_england_patriots.png,Longest Reception,9.5,-125,-106,FanDuel,2025-11-13T11:52:24.885749
11,New York Jets @ New England Patriots,TreVeyon Henderson,New England Patriots,https://assets.sportsbook.fanduel.com/images/team/nfl/new_england_patriots.png,Total Receptions,2.5,108,-136,FanDuel,2025-11-13T11:52:24.885749
11,New York Jets @ New England Patriots,Kyle Williams,New England Patriots,https://assets.sportsbook.fanduel.com/images/team/nfl/new_england_patriots.png,Total Receptions,1.5,-112,-112,FanDuel,2025-11-13T11:52:24.885749
11,New York Jets @ New England Patriots,Demario Douglas,New England Patriots,https://assets.sportsbook.fanduel.com/images/team/nfl/new_england_patriots.png,Total Receptions,1.5,-142,112,FanDuel,2025-11-13T11:52:24.885749
11,New York Jets @ New England Patriots,Kyle Williams,New England Patriots,https://assets.sportsbook.fanduel.com/images/team/nfl/new_england_patriots.png,1st Qtr Receiving Yds,0.5,168,-210,FanDuel,2025-11-13T11:52:24.885749
11,New York Jets @ New England Patriots,Stefon Diggs,New England Patriots,https://assets.sportsbook.fanduel.com/images/team/nfl/new_england_patriots.png,Total Receptions,4.5,-128,102,FanDuel,2025-11-13T11:52:24.885749
11,New York Jets @ New England Patriots,Hunter Henry,New England Patriots,https://assets.sportsbook.fanduel.com/images/team/nfl/new_england_patriots.png,Total Receptions,3.5,126,-160,FanDuel,2025-11-13T11:52:24.885749
11,New York Jets @ New England Patriots,Demario Douglas,New England Patriots,https://assets.sportsbook.fanduel.com/images/team/nfl/new_england_patriots.png,1st Qtr Receiving Yds,0.5,144,-178,FanDuel,2025-11-13T11:52:24.885749
11,New York Jets @ New England Patriots,Hunter Henry,New England Patriots,https://assets.sportsbook.fanduel.com/images/team/nfl/new_england_patriots.png,1st Qtr Receiving Yds,6.5,-110,-110,FanDuel,2025-11-13T11:52:24.885749
11,New York Jets @ New England Patriots,Stefon Diggs,New England Patriots,https://assets.sportsbook.fanduel.com/images/team/nfl/new_england_patriots.png,1st Qtr Receiving Yds,12.5,-110,-110,FanDuel,2025-11-13T11:52:24.885749
11,New York Jets @ New England Patriots,Kyle Williams,New England Patriots,https://assets.sportsbook.fanduel.com/images/team/nfl/new_england_patriots.png,Receiving Yds,19.5,-112,-112,FanDuel,2025-11-13T11:52:24.885749
11,New York Jets @ New England Patriots,TreVeyon Henderson,New England Patriots,https://assets.sportsbook.fanduel.com/images/team/nfl/new_england_patriots.png,Longest Rush,15.5,-136,102,FanDuel,2025-11-13T11:52:24.885749
11,New York Jets @ New England Patriots,Drake Maye,New England Patriots,https://assets.sportsbook.fanduel.com/images/team/nfl/new_england_patriots.png,1st Qtr Rushing Yds,4.5,-102,-120,FanDuel,2025-11-13T11:52:24.885749
11,New York Jets @ New England Patriots,Drake Maye,New England Patriots,https://assets.sportsbook.fanduel.com/images/team/nfl/new_england_patriots.png,Rushing Yds,24.5,-112,-112,FanDuel,2025-11-13T11:52:24.885749
11,New York Jets @ New England Patriots,TreVeyon Henderson,New England Patriots,https://assets.sportsbook.fanduel.com/images/team/nfl/new_england_patriots.png,Rush Attempts,16.5,-108,-122,FanDuel,2025-11-13T11:52:24.885749
11,New York Jets @ New England Patriots,Breece Hall,New York Jets,https://assets.sportsbook.fanduel.com/images/team/nfl/new_york_jets.png,1st Qtr Rushing + Receiving Yds,18.5,-112,-118,FanDuel,2025-11-13T11:52:24.885749
11,New York Jets @ New England Patriots,Breece Hall,New York Jets,https://assets.sportsbook.fanduel.com/images/team/nfl/new_york_jets.png,Rushing Yds,54.5,-112,-112,FanDuel,2025-11-13T11:52:24.885749
11,New York Jets @ New England Patriots,Breece Hall,New York Jets,https://assets.sportsbook.fanduel.com/images/team/nfl/new_york_jets.png,1st Qtr Rushing Yds,13.5,-118,-104,FanDuel,2025-11-13T11:52:24.885749
11,New York Jets @ New England Patriots,TreVeyon Henderson,New England Patriots,https://assets.sportsbook.fanduel.com/images/team/nfl/new_england_patriots.png,1st Qtr Rushing + Receiving Yds,26.5,-112,-118,FanDuel,2025-11-13T11:52:24.885749
11,New York Jets @ New England Patriots,Breece Hall,New York Jets,https://assets.sportsbook.fanduel.com/images/team/nfl/new_york_jets.png,Rushing + Receiving Yds,75.5,-114,-114,FanDuel,2025-11-13T11:52:24.885749
11,New York Jets @ New England Patriots,Breece Hall,New York Jets,https://assets.sportsbook.fanduel.com/images/team/nfl/new_york_jets.png,Longest Rush,13.5,-114,-114,FanDuel,2025-11-13T11:52:24.885749
11,New York Jets @ New England Patriots,Drake Maye,New England Patriots,https://assets.sportsbook.fanduel.com/images/team/nfl/new_england_patriots.png,Longest Rush,12.5,-122,-108,FanDuel,2025-11-13T11:52:24.885749
11,New York Jets @ New England Patriots,TreVeyon Henderson,New England Patriots,https://assets.sportsbook.fanduel.com/images/team/nfl/new_england_patriots.png,1st Qtr Rushing Yds,20.5,-110,-110,FanDuel,2025-11-13T11:52:24.885749
11,New York Jets @ New England Patriots,TreVeyon Henderson,New England Patriots,https://assets.sportsbook.fanduel.com/images/team/nfl/new_england_patriots.png,Rushing Yds,75.5,-112,-112,FanDuel,2025-11-13T11:52:24.885749
11,New York Jets @ New England Patriots,TreVeyon Henderson,New England Patriots,https://assets.sportsbook.fanduel.com/images/team/nfl/new_england_patriots.png,Rushing + Receiving Yds,97.5,-112,-118,FanDuel,2025-11-13T11:52:24.885749
11,New York Jets @ New England Patriots,Justin Fields,New York Jets,https://assets.sportsbook.fanduel.com/images/team/nfl/new_york_jets.png,Rushing Yds,33.5,-112,-112,FanDuel,2025-11-13T11:52:24.885749
11,New York Jets @ New England Patriots,Breece Hall,New York Jets,https://assets.sportsbook.fanduel.com/images/team/nfl/new_york_jets.png,Rush Attempts,15.5,-122,-106,FanDuel,2025-11-13T11:52:24.885749
11,Washington Commanders @ Miami Dolphins,Tua Tagovailoa,Miami Dolphins,https://assets.sportsbook.fanduel.com/images/team/nfl/miami_dolphins.png,Passing Yds,233.5,-114,-114,FanDuel,2025-11-13T11:52:24.885749
11,Washington Commanders @ Miami Dolphins,Tua Tagovailoa,Miami Dolphins,https://assets.sportsbook.fanduel.com/images/team/nfl/miami_dolphins.png,Pass Completions,21.5,-125,-106,FanDuel,2025-11-13T11:52:24.885749
11,Washington Commanders @ Miami Dolphins,Marcus Mariota,Washington Commanders,https://assets.sportsbook.fanduel.com/images/team/nfl/washington_commanders.png,Passing Yds,202.5,-114,-114,FanDuel,2025-11-13T11:52:24.885749
11,Washington Commanders @ Miami Dolphins,Marcus Mariota,Washington Commanders,https://assets.sportsbook.fanduel.com/images/team/nfl/washington_commanders.png,Passing TDs,1.5,120,-160,FanDuel,2025-11-13T11:52:24.885749
11,Washington Commanders @ Miami Dolphins,Tua Tagovailoa,Miami Dolphins,https://assets.sportsbook.fanduel.com/images/team/nfl/miami_dolphins.png,Passing TDs,1.5,-172,128,FanDuel,2025-11-13T11:52:24.885749
11,Washington Commanders @ Miami Dolphins,Marcus Mariota,Washington Commanders,https://assets.sportsbook.fanduel.com/images/team/nfl/washington_commanders.png,Pass Attempts,27.5,100,-130,FanDuel,2025-11-13T11:52:24.885749
11,Washington Commanders @ Miami Dolphins,Tua Tagovailoa,Miami Dolphins,https://assets.sportsbook.fanduel.com/images/team/nfl/miami_dolphins.png,1st Qtr Passing Yds,54.5,-114,-114,FanDuel,2025-11-13T11:52:24.885749
11,Washington Commanders @ Miami Dolphins,Tua Tagovailoa,Miami Dolphins,https://assets.sportsbook.fanduel.com/images/team/nfl/miami_dolphins.png,Pass Attempts,31.5,-114,-114,FanDuel,2025-11-13T11:52:24.885749
11,Washington Commanders @ Miami Dolphins,Marcus Mariota,Washington Commanders,https://assets.sportsbook.fanduel.com/images/team/nfl/washington_commanders.png,Pass Completions,17.5,-128,-104,FanDuel,2025-11-13T11:52:24.885749
11,Washington Commanders @ Miami Dolphins,Marcus Mariota,Washington Commanders,https://assets.sportsbook.fanduel.com/images/team/nfl/washington_commanders.png,1st Qtr Passing Yds,40.5,-112,-118,FanDuel,2025-11-13T11:52:24.885749
11,Washington Commanders @ Miami Dolphins,Zach Ertz,Washington Commanders,https://assets.sportsbook.fanduel.com/images/team/nfl/washington_commanders.png,Receiving Yds,43.5,-114,-114,FanDuel,2025-11-13T11:52:24.885749
11,Washington Commanders @ Miami Dolphins,Zach Ertz,Washington Commanders,https://assets.sportsbook.fanduel.com/images/team/nfl/washington_commanders.png,1st Qtr Receiving Yds,5.5,-118,-112,FanDuel,2025-11-13T11:52:24.885749
11,Washington Commanders @ Miami Dolphins,Zach Ertz,Washington Commanders,https://assets.sportsbook.fanduel.com/images/team/nfl/washington_commanders.png,Longest Reception,18.5,-118,-112,FanDuel,2025-11-13T11:52:24.885749
11,Washington Commanders @ Miami Dolphins,Zach Ertz,Washington Commanders,https://assets.sportsbook.fanduel.com/images/team/nfl/washington_commanders.png,Total Receptions,3.5,-154,116,FanDuel,2025-11-13T11:52:24.885749
11,Washington Commanders @ Miami Dolphins,Deebo Samuel,Washington Commanders,https://assets.sportsbook.fanduel.com/images/team/nfl/washington_commanders.png,Longest Reception,19.5,-108,-122,FanDuel,2025-11-13T11:52:24.885749
11,Washington Commanders @ Miami Dolphins,Deebo Samuel,Washington Commanders,https://assets.sportsbook.fanduel.com/images/team/nfl/washington_commanders.png,Total Receptions,4.5,-144,108,FanDuel,2025-11-13T11:52:24.885749
11,Washington Commanders @ Miami Dolphins,Deebo Samuel,Washington Commanders,https://assets.sportsbook.fanduel.com/images/team/nfl/washington_commanders.png,1st Qtr Receiving Yds,7.5,-118,-112,FanDuel,2025-11-13T11:52:24.885749
11,Washington Commanders @ Miami Dolphins,De'Von Achane,Miami Dolphins,https://assets.sportsbook.fanduel.com/images/team/nfl/miami_dolphins.png,Longest Reception,14.5,-108,-122,FanDuel,2025-11-13T11:52:24.885749
11,Washington Commanders @ Miami Dolphins,De'Von Achane,Miami Dolphins,https://assets.sportsbook.fanduel.com/images/team/nfl/miami_dolphins.png,Total Receptions,5.5,-114,-114,FanDuel,2025-11-13T11:52:24.885749
11,Washington Commanders @ Miami Dolphins,De'Von Achane,Miami Dolphins,https://assets.sportsbook.fanduel.com/images/team/nfl/miami_dolphins.png,1st Qtr Receiving Yds,7.5,-112,-118,FanDuel,2025-11-13T11:52:24.885749
11,Washington Commanders @ Miami Dolphins,De'Von Achane,Miami Dolphins,https://assets.sportsbook.fanduel.com/images/team/nfl/miami_dolphins.png,Receiving Yds,38.5,-114,-114,FanDuel,2025-11-13T11:52:24.885749
11,Washington Commanders @ Miami Dolphins,Deebo Samuel,Washington Commanders,https://assets.sportsbook.fanduel.com/images/team/nfl/washington_commanders.png,Receiving Yds,49.5,-114,-114,FanDuel,2025-11-13T11:52:24.885749
11,Washington Commanders @ Miami Dolphins,Jaylen Waddle,Miami Dolphins,https://assets.sportsbook.fanduel.com/images/team/nfl/miami_dolphins.png,Receiving Yds,78.5,-114,-114,FanDuel,2025-11-13T11:52:24.885749
11,Washington Commanders @ Miami Dolphins,Jaylen Waddle,Miami Dolphins,https://assets.sportsbook.fanduel.com/images/team/nfl/miami_dolphins.png,Total Receptions,5.5,-130,-102,FanDuel,2025-11-13T11:52:24.885749
11,Washington Commanders @ Miami Dolphins,De'Von Achane,Miami Dolphins,https://assets.sportsbook.fanduel.com/images/team/nfl/miami_dolphins.png,Rushing + Receiving Yds,123.5,-114,-114,FanDuel,2025-11-13T11:52:24.885749
11,Washington Commanders @ Miami Dolphins,Jaylen Waddle,Miami Dolphins,https://assets.sportsbook.fanduel.com/images/team/nfl/miami_dolphins.png,Longest Reception,26.5,-114,-114,FanDuel,2025-11-13T11:52:24.885749
11,Washington Commanders @ Miami Dolphins,Jaylen Waddle,Miami Dolphins,https://assets.sportsbook.fanduel.com/images/team/nfl/miami_dolphins.png,1st Qtr Receiving Yds,17.5,-118,-112,FanDuel,2025-11-13T11:52:24.885749
11,Washington Commanders @ Miami Dolphins,De'Von Achane,Miami Dolphins,https://assets.sportsbook.fanduel.com/images/team/nfl/miami_dolphins.png,1st Qtr Rushing + Receiving Yds,31.5,-112,-118,FanDuel,2025-11-13T11:52:24.885749
11,Washington Commanders @ Miami Dolphins,Jacory Croskey-Merritt,Washington Commanders,https://assets.sportsbook.fanduel.com/images/team/nfl/washington_commanders.png,Rushing Yds,33.5,-114,-114,FanDuel,2025-11-13T11:52:24.885749
11,Washington Commanders @ Miami Dolphins,De'Von Achane,Miami Dolphins,https://assets.sportsbook.fanduel.com/images/team/nfl/miami_dolphins.png,Rushing Yds,79.5,-114,-114,FanDuel,2025-11-13T11:52:24.885749
11,Washington Commanders @ Miami Dolphins,De'Von Achane,Miami Dolphins,https://assets.sportsbook.fanduel.com/images/team/nfl/miami_dolphins.png,Rushing + Receiving Yds,123.5,-114,-114,FanDuel,2025-11-13T11:52:24.885749
11,Washington Commanders @ Miami Dolphins,De'Von Achane,Miami Dolphins,https://assets.sportsbook.fanduel.com/images/team/nfl/miami_dolphins.png,Longest Rush,18.5,-122,-108,FanDuel,2025-11-13T11:52:24.885749
11,Washington Commanders @ Miami Dolphins,De'Von Achane,Miami Dolphins,https://assets.sportsbook.fanduel.com/images/team/nfl/miami_dolphins.png,1st Qtr Rushing Yds,20.5,-112,-118,FanDuel,2025-11-13T11:52:24.885749
11,Washington Commanders @ Miami Dolphins,Chris Rodriguez Jr.,Washington Commanders,https://assets.sportsbook.fanduel.com/images/team/nfl/washington_commanders.png,Rushing Yds,37.5,-114,-114,FanDuel,2025-11-13T11:52:24.885749
11,Washington Commanders @ Miami Dolphins,De'Von Achane,Miami Dolphins,https://assets.sportsbook.fanduel.com/images/team/nfl/miami_dolphins.png,Rush Attempts,16.5,-108,-122,FanDuel,2025-11-13T11:52:24.885749
11,Washington Commanders @ Miami Dolphins,Tua Tagovailoa,Miami Dolphins,https://assets.sportsbook.fanduel.com/images/team/nfl/miami_dolphins.png,Rushing Yds,1.5,-102,-130,FanDuel,2025-11-13T11:52:24.885749
11,Washington Commanders @ Miami Dolphins,Marcus Mariota,Washington Commanders,https://assets.sportsbook.fanduel.com/images/team/nfl/washington_commanders.png,Rushing Yds,24.5,-114,-114,FanDuel,2025-11-13T11:52:24.885749
11,Washington Commanders @ Miami Dolphins,Jacory Croskey-Merritt,Washington Commanders,https://assets.sportsbook.fanduel.com/images/team/nfl/washington_commanders.png,Rush Attempts,8.5,-130,-102,FanDuel,2025-11-13T11:52:24.885749
11,Chicago Bears @ Minnesota Vikings,Caleb Williams,Chicago Bears,https://assets.sportsbook.fanduel.com/images/team/nfl/chicago_bears.png,Pass Completions,20.5,-108,-122,FanDuel,2025-11-13T11:52:24.885749
11,Chicago Bears @ Minnesota Vikings,Caleb Williams,Chicago Bears,https://assets.sportsbook.fanduel.com/images/team/nfl/chicago_bears.png,Passing Yds,224.5,-114,-114,FanDuel,2025-11-13T11:52:24.885749
11,Chicago Bears @ Minnesota Vikings,J.J. McCarthy,Minnesota Vikings,https://assets.sportsbook.fanduel.com/images/team/nfl/minnesota_vikings.png,Passing Yds,215.5,-114,-114,FanDuel,2025-11-13T11:52:24.885749
11,Chicago Bears @ Minnesota Vikings,J.J. McCarthy,Minnesota Vikings,https://assets.sportsbook.fanduel.com/images/team/nfl/minnesota_vikings.png,Passing TDs,1.5,-130,-102,FanDuel,2025-11-13T11:52:24.885749
11,Chicago Bears @ Minnesota Vikings,Caleb Williams,Chicago Bears,https://assets.sportsbook.fanduel.com/images/team/nfl/chicago_bears.png,Passing TDs,1.5,-108,-122,FanDuel,2025-11-13T11:52:24.885749
11,Chicago Bears @ Minnesota Vikings,J.J. McCarthy,Minnesota Vikings,https://assets.sportsbook.fanduel.com/images/team/nfl/minnesota_vikings.png,Pass Completions,19.5,-104,-128,FanDuel,2025-11-13T11:52:24.885749
11,Chicago Bears @ Minnesota Vikings,J.J. McCarthy,Minnesota Vikings,https://assets.sportsbook.fanduel.com/images/team/nfl/minnesota_vikings.png,Pass Attempts,31.5,-115,-113,FanDuel,2025-11-13T11:52:24.885749
11,Chicago Bears @ Minnesota Vikings,Caleb Williams,Chicago Bears,https://assets.sportsbook.fanduel.com/images/team/nfl/chicago_bears.png,Pass Attempts,32.5,-102,-128,FanDuel,2025-11-13T11:52:24.885749
11,Chicago Bears @ Minnesota Vikings,D.J. Moore,Chicago Bears,https://assets.sportsbook.fanduel.com/images/team/nfl/chicago_bears.png,Longest Reception,18.5,-108,-122,FanDuel,2025-11-13T11:52:24.885749
11,Chicago Bears @ Minnesota Vikings,Jordan Addison,Minnesota Vikings,https://assets.sportsbook.fanduel.com/images/team/nfl/minnesota_vikings.png,Total Receptions,3.5,-114,-114,FanDuel,2025-11-13T11:52:24.885749
11,Chicago Bears @ Minnesota Vikings,D.J. Moore,Chicago Bears,https://assets.sportsbook.fanduel.com/images/team/nfl/chicago_bears.png,Total Receptions,3.5,-122,-108,FanDuel,2025-11-13T11:52:24.885749
11,Chicago Bears @ Minnesota Vikings,Rome Odunze,Chicago Bears,https://assets.sportsbook.fanduel.com/images/team/nfl/chicago_bears.png,Total Receptions,4.5,108,-144,FanDuel,2025-11-13T11:52:24.885749
11,Chicago Bears @ Minnesota Vikings,Rome Odunze,Chicago Bears,https://assets.sportsbook.fanduel.com/images/team/nfl/chicago_bears.png,Receiving Yds,55.5,-114,-114,FanDuel,2025-11-13T11:52:24.885749
11,Chicago Bears @ Minnesota Vikings,Rome Odunze,Chicago Bears,https://assets.sportsbook.fanduel.com/images/team/nfl/chicago_bears.png,Longest Reception,22.5,-122,-108,FanDuel,2025-11-13T11:52:24.885749
11,Chicago Bears @ Minnesota Vikings,Jordan Addison,Minnesota Vikings,https://assets.sportsbook.fanduel.com/images/team/nfl/minnesota_vikings.png,Longest Reception,21.5,-118,-112,FanDuel,2025-11-13T11:52:24.885749
11,Chicago Bears @ Minnesota Vikings,Justin Jefferson,Minnesota Vikings,https://assets.sportsbook.fanduel.com/images/team/nfl/minnesota_vikings.png,Total Receptions,5.5,-128,-104,FanDuel,2025-11-13T11:52:24.885749
11,Chicago Bears @ Minnesota Vikings,D.J. Moore,Chicago Bears,https://assets.sportsbook.fanduel.com/images/team/nfl/chicago_bears.png,Receiving Yds,41.5,-114,-114,FanDuel,2025-11-13T11:52:24.885749
11,Chicago Bears @ Minnesota Vikings,Justin Jefferson,Minnesota Vikings,https://assets.sportsbook.fanduel.com/images/team/nfl/minnesota_vikings.png,Receiving Yds,71.5,-114,-114,FanDuel,2025-11-13T11:52:24.885749
11,Chicago Bears @ Minnesota Vikings,Jordan Addison,Minnesota Vikings,https://assets.sportsbook.fanduel.com/images/team/nfl/minnesota_vikings.png,Receiving Yds,48.5,-114,-114,FanDuel,2025-11-13T11:52:24.885749
11,Chicago Bears @ Minnesota Vikings,Justin Jefferson,Minnesota Vikings,https://assets.sportsbook.fanduel.com/images/team/nfl/minnesota_vikings.png,Longest Reception,25.5,-108,-122,FanDuel,2025-11-13T11:52:24.885749
11,Chicago Bears @ Minnesota Vikings,D'Andre Swift,Chicago Bears,https://assets.sportsbook.fanduel.com/images/team/nfl/chicago_bears.png,Rush Attempts,13.5,-128,-104,FanDuel,2025-11-13T11:52:24.885749
11,Chicago Bears @ Minnesota Vikings,D'Andre Swift,Chicago Bears,https://assets.sportsbook.fanduel.com/images/team/nfl/chicago_bears.png,Rushing Yds,57.5,-114,-114,FanDuel,2025-11-13T11:52:24.885749
11,Chicago Bears @ Minnesota Vikings,Aaron Jones,Minnesota Vikings,https://assets.sportsbook.fanduel.com/images/team/nfl/minnesota_vikings.png,Rushing Yds,50.5,-114,-114,FanDuel,2025-11-13T11:52:24.885749
11,Chicago Bears @ Minnesota Vikings,Aaron Jones,Minnesota Vikings,https://assets.sportsbook.fanduel.com/images/team/nfl/minnesota_vikings.png,Rush Attempts,11.5,-114,-114,FanDuel,2025-11-13T11:52:24.885749
11,Green Bay Packers @ New York Giants,Jordan Love,Green Bay Packers,https://assets.sportsbook.fanduel.com/images/team/nfl/green_bay_packers.png,Pass Attempts,30.5,-128,-102,FanDuel,2025-11-13T11:52:24.885749
11,Green Bay Packers @ New York Giants,Jordan Love,Green Bay Packers,https://assets.sportsbook.fanduel.com/images/team/nfl/green_bay_packers.png,Passing Yds,233.5,-114,-114,FanDuel,2025-11-13T11:52:24.885749
11,Green Bay Packers @ New York Giants,Jameis Winston,New York Giants,https://assets.sportsbook.fanduel.com/images/team/nfl/new_york_giants.png,Pass Completions,21.5,108,-144,FanDuel,2025-11-13T11:52:24.885749
11,Green Bay Packers @ New York Giants,Jordan Love,Green Bay Packers,https://assets.sportsbook.fanduel.com/images/team/nfl/green_bay_packers.png,Passing TDs,1.5,-106,-125,FanDuel,2025-11-13T11:52:24.885749
11,Green Bay Packers @ New York Giants,Jameis Winston,New York Giants,https://assets.sportsbook.fanduel.com/images/team/nfl/new_york_giants.png,Pass Attempts,34.5,-120,-108,FanDuel,2025-11-13T11:52:24.885749
11,Green Bay Packers @ New York Giants,Jameis Winston,New York Giants,https://assets.sportsbook.fanduel.com/images/team/nfl/new_york_giants.png,Passing Yds,228.5,-114,-114,FanDuel,2025-11-13T11:52:24.885749
11,Green Bay Packers @ New York Giants,Jordan Love,Green Bay Packers,https://assets.sportsbook.fanduel.com/images/team/nfl/green_bay_packers.png,Pass Completions,20.5,-130,-102,FanDuel,2025-11-13T11:52:24.885749
11,Green Bay Packers @ New York Giants,Jameis Winston,New York Giants,https://assets.sportsbook.fanduel.com/images/team/nfl/new_york_giants.png,Passing TDs,1.5,162,-220,FanDuel,2025-11-13T11:52:24.885749
11,Carolina Panthers @ Atlanta Falcons,Bryce Young,Carolina Panthers,https://assets.sportsbook.fanduel.com/images/team/nfl/carolina_panthers.png,Passing TDs,1.5,178,-245,FanDuel,2025-11-13T11:52:24.885749
11,Carolina Panthers @ Atlanta Falcons,Michael Penix Jr.,Atlanta Falcons,https://assets.sportsbook.fanduel.com/images/team/nfl/atlanta_falcons.png,Pass Completions,19.5,-106,-125,FanDuel,2025-11-13T11:52:24.885749
11,Carolina Panthers @ Atlanta Falcons,Bryce Young,Carolina Panthers,https://assets.sportsbook.fanduel.com/images/team/nfl/carolina_panthers.png,Pass Completions,17.5,102,-136,FanDuel,2025-11-13T11:52:24.885749
11,Carolina Panthers @ Atlanta Falcons,Michael Penix Jr.,Atlanta Falcons,https://assets.sportsbook.fanduel.com/images/team/nfl/atlanta_falcons.png,Passing Yds,228.5,-114,-114,FanDuel,2025-11-13T11:52:24.885749
11,Carolina Panthers @ Atlanta Falcons,Bryce Young,Carolina Panthers,https://assets.sportsbook.fanduel.com/images/team/nfl/carolina_panthers.png,Pass Attempts,28.5,102,-132,FanDuel,2025-11-13T11:52:24.885749
11,Carolina Panthers @ Atlanta Falcons,Michael Penix Jr.,Atlanta Falcons,https://assets.sportsbook.fanduel.com/images/team/nfl/atlanta_falcons.png,Pass Attempts,32.5,108,-140,FanDuel,2025-11-13T11:52:24.885749
11,Carolina Panthers @ Atlanta Falcons,Michael Penix Jr.,Atlanta Falcons,https://assets.sportsbook.fanduel.com/images/team/nfl/atlanta_falcons.png,1st Qtr Passing Yds,55.5,-114,-114,FanDuel,2025-11-13T11:52:24.885749
11,Carolina Panthers @ Atlanta Falcons,Bryce Young,Carolina Panthers,https://assets.sportsbook.fanduel.com/images/team/nfl/carolina_panthers.png,Passing Yds,162.5,-114,-114,FanDuel,2025-11-13T11:52:24.885749
11,Carolina Panthers @ Atlanta Falcons,Michael Penix Jr.,Atlanta Falcons,https://assets.sportsbook.fanduel.com/images/team/nfl/atlanta_falcons.png,Passing TDs,1.5,108,-144,FanDuel,2025-11-13T11:52:24.885749
11,Carolina Panthers @ Atlanta Falcons,Bryce Young,Carolina Panthers,https://assets.sportsbook.fanduel.com/images/team/nfl/carolina_panthers.png,1st Qtr Passing Yds,31.5,-118,-112,FanDuel,2025-11-13T11:52:24.885749
11,Carolina Panthers @ Atlanta Falcons,Tetairoa McMillan,Carolina Panthers,https://assets.sportsbook.fanduel.com/images/team/nfl/carolina_panthers.png,Longest Reception,22.5,-112,-118,FanDuel,2025-11-13T11:52:24.885749
11,Carolina Panthers @ Atlanta Falcons,Kyle Pitts,Atlanta Falcons,https://assets.sportsbook.fanduel.com/images/team/nfl/atlanta_falcons.png,Longest Reception,18.5,-106,-125,FanDuel,2025-11-13T11:52:24.885749
11,Carolina Panthers @ Atlanta Falcons,Bijan Robinson,Atlanta Falcons,https://assets.sportsbook.fanduel.com/images/team/nfl/atlanta_falcons.png,Receiving Yds,36.5,-114,-114,FanDuel,2025-11-13T11:52:24.885749
11,Carolina Panthers @ Atlanta Falcons,Tetairoa McMillan,Carolina Panthers,https://assets.sportsbook.fanduel.com/images/team/nfl/carolina_panthers.png,Receiving Yds,56.5,-114,-114,FanDuel,2025-11-13T11:52:24.885749
11,Carolina Panthers @ Atlanta Falcons,Drake London,Atlanta Falcons,https://assets.sportsbook.fanduel.com/images/team/nfl/atlanta_falcons.png,Longest Reception,24.5,-114,-114,FanDuel,2025-11-13T11:52:24.885749
11,Carolina Panthers @ Atlanta Falcons,Bijan Robinson,Atlanta Falcons,https://assets.sportsbook.fanduel.com/images/team/nfl/atlanta_falcons.png,Longest Reception,14.5,-118,-112,FanDuel,2025-11-13T11:52:24.885749
11,Carolina Panthers @ Atlanta Falcons,Drake London,Atlanta Falcons,https://assets.sportsbook.fanduel.com/images/team/nfl/atlanta_falcons.png,Receiving Yds,76.5,-114,-114,FanDuel,2025-11-13T11:52:24.885749
11,Carolina Panthers @ Atlanta Falcons,Drake London,Atlanta Falcons,https://assets.sportsbook.fanduel.com/images/team/nfl/atlanta_falcons.png,Total Receptions,6.5,104,-138,FanDuel,2025-11-13T11:52:24.885749
11,Carolina Panthers @ Atlanta Falcons,Drake London,Atlanta Falcons,https://assets.sportsbook.fanduel.com/images/team/nfl/atlanta_falcons.png,1st Qtr Receiving Yds,20.5,-118,-112,FanDuel,2025-11-13T11:52:24.885749
11,Carolina Panthers @ Atlanta Falcons,Tetairoa McMillan,Carolina Panthers,https://assets.sportsbook.fanduel.com/images/team/nfl/carolina_panthers.png,Total Receptions,4.5,-118,-112,FanDuel,2025-11-13T11:52:24.885749
11,Carolina Panthers @ Atlanta Falcons,Bijan Robinson,Atlanta Falcons,https://assets.sportsbook.fanduel.com/images/team/nfl/atlanta_falcons.png,Rushing + Receiving Yds,114.5,-114,-114,FanDuel,2025-11-13T11:52:24.885749
11,Carolina Panthers @ Atlanta Falcons,Bijan Robinson,Atlanta Falcons,https://assets.sportsbook.fanduel.com/images/team/nfl/atlanta_falcons.png,Total Receptions,4.5,-118,-112,FanDuel,2025-11-13T11:52:24.885749
11,Carolina Panthers @ Atlanta Falcons,Tetairoa McMillan,Carolina Panthers,https://assets.sportsbook.fanduel.com/images/team/nfl/carolina_panthers.png,1st Qtr Receiving Yds,10.5,-114,-114,FanDuel,2025-11-13T11:52:24.885749
11,Carolina Panthers @ Atlanta Falcons,Kyle Pitts,Atlanta Falcons,https://assets.sportsbook.fanduel.com/images/team/nfl/atlanta_falcons.png,Receiving Yds,46.5,-114,-114,FanDuel,2025-11-13T11:52:24.885749
11,Carolina Panthers @ Atlanta Falcons,Kyle Pitts,Atlanta Falcons,https://assets.sportsbook.fanduel.com/images/team/nfl/atlanta_falcons.png,1st Qtr Receiving Yds,11.5,-110,-120,FanDuel,2025-11-13T11:52:24.885749
11,Carolina Panthers @ Atlanta Falcons,Kyle Pitts,Atlanta Falcons,https://assets.sportsbook.fanduel.com/images/team/nfl/atlanta_falcons.png,Total Receptions,4.5,-118,-112,FanDuel,2025-11-13T11:52:24.885749
11,Carolina Panthers @ Atlanta Falcons,Bijan Robinson,Atlanta Falcons,https://assets.sportsbook.fanduel.com/images/team/nfl/atlanta_falcons.png,1st Qtr Receiving Yds,7.5,-118,-112,FanDuel,2025-11-13T11:52:24.885749
11,Carolina Panthers @ Atlanta Falcons,Rico Dowdle,Carolina Panthers,https://assets.sportsbook.fanduel.com/images/team/nfl/carolina_panthers.png,1st Qtr Rushing Yds,22.5,-112,-118,FanDuel,2025-11-13T11:52:24.885749
11,Carolina Panthers @ Atlanta Falcons,Bijan Robinson,Atlanta Falcons,https://assets.sportsbook.fanduel.com/images/team/nfl/atlanta_falcons.png,Rush Attempts,15.5,-114,-114,FanDuel,2025-11-13T11:52:24.885749
11,Carolina Panthers @ Atlanta Falcons,Bijan Robinson,Atlanta Falcons,https://assets.sportsbook.fanduel.com/images/team/nfl/atlanta_falcons.png,Rushing + Receiving Yds,114.5,-114,-114,FanDuel,2025-11-13T11:52:24.885749
11,Carolina Panthers @ Atlanta Falcons,Rico Dowdle,Carolina Panthers,https://assets.sportsbook.fanduel.com/images/team/nfl/carolina_panthers.png,Rush Attempts,19.5,-114,-114,FanDuel,2025-11-13T11:52:24.885749
11,Carolina Panthers @ Atlanta Falcons,Bijan Robinson,Atlanta Falcons,https://assets.sportsbook.fanduel.com/images/team/nfl/atlanta_falcons.png,Rushing Yds,72.5,-114,-114,FanDuel,2025-11-13T11:52:24.885749
11,Carolina Panthers @ Atlanta Falcons,Bijan Robinson,Atlanta Falcons,https://assets.sportsbook.fanduel.com/images/team/nfl/atlanta_falcons.png,1st Qtr Rushing + Receiving Yds,31.5,-112,-118,FanDuel,2025-11-13T11:52:24.885749
11,Carolina Panthers @ Atlanta Falcons,Bijan Robinson,Atlanta Falcons,https://assets.sportsbook.fanduel.com/images/team/nfl/atlanta_falcons.png,1st Qtr Rushing Yds,19.5,-114,-114,FanDuel,2025-11-13T11:52:24.885749
11,Carolina Panthers @ Atlanta Falcons,Rico Dowdle,Carolina Panthers,https://assets.sportsbook.fanduel.com/images/team/nfl/carolina_panthers.png,Rushing Yds,88.5,-114,-114,FanDuel,2025-11-13T11:52:24.885749
11,Los Angeles Chargers @ Jacksonville Jaguars,Trevor Lawrence,Jacksonville Jaguars,https://assets.sportsbook.fanduel.com/images/team/nfl/jacksonville_jaguars.png,Passing TDs,1.5,188,-260,FanDuel,2025-11-13T11:52:24.885749
11,Los Angeles Chargers @ Jacksonville Jaguars,Trevor Lawrence,Jacksonville Jaguars,https://assets.sportsbook.fanduel.com/images/team/nfl/jacksonville_jaguars.png,Pass Attempts,33.5,-102,-128,FanDuel,2025-11-13T11:52:24.885749
11,Los Angeles Chargers @ Jacksonville Jaguars,Justin Herbert,Los Angeles Chargers,https://assets.sportsbook.fanduel.com/images/team/nfl/los_angeles_chargers.png,Pass Attempts,35.5,-104,-125,FanDuel,2025-11-13T11:52:24.885749
11,Los Angeles Chargers @ Jacksonville Jaguars,Justin Herbert,Los Angeles Chargers,https://assets.sportsbook.fanduel.com/images/team/nfl/los_angeles_chargers.png,Passing Yds,252.5,-114,-114,FanDuel,2025-11-13T11:52:24.885749
11,Los Angeles Chargers @ Jacksonville Jaguars,Justin Herbert,Los Angeles Chargers,https://assets.sportsbook.fanduel.com/images/team/nfl/los_angeles_chargers.png,Pass Completions,23.5,102,-136,FanDuel,2025-11-13T11:52:24.885749
11,Los Angeles Chargers @ Jacksonville Jaguars,Justin Herbert,Los Angeles Chargers,https://assets.sportsbook.fanduel.com/images/team/nfl/los_angeles_chargers.png,Passing TDs,1.5,-158,118,FanDuel,2025-11-13T11:52:24.885749
11,Los Angeles Chargers @ Jacksonville Jaguars,Trevor Lawrence,Jacksonville Jaguars,https://assets.sportsbook.fanduel.com/images/team/nfl/jacksonville_jaguars.png,Pass Completions,19.5,-118,-112,FanDuel,2025-11-13T11:52:24.885749
11,Los Angeles Chargers @ Jacksonville Jaguars,Trevor Lawrence,Jacksonville Jaguars,https://assets.sportsbook.fanduel.com/images/team/nfl/jacksonville_jaguars.png,Passing Yds,208.5,-114,-114,FanDuel,2025-11-13T11:52:24.885749
11,Cincinnati Bengals @ Pittsburgh Steelers,Aaron Rodgers,Pittsburgh Steelers,https://assets.sportsbook.fanduel.com/images/team/nfl/pittsburgh_steelers.png,1st Qtr Passing Yds,53.5,-114,-114,FanDuel,2025-11-13T11:52:24.885749
11,Cincinnati Bengals @ Pittsburgh Steelers,Joe Flacco,Cincinnati Bengals,https://assets.sportsbook.fanduel.com/images/team/nfl/cincinnati_bengals.png,Pass Attempts,39.5,-108,-120,FanDuel,2025-11-13T11:52:24.885749
11,Cincinnati Bengals @ Pittsburgh Steelers,Joe Flacco,Cincinnati Bengals,https://assets.sportsbook.fanduel.com/images/team/nfl/cincinnati_bengals.png,Passing TDs,1.5,-158,118,FanDuel,2025-11-13T11:52:24.885749
11,Cincinnati Bengals @ Pittsburgh Steelers,Aaron Rodgers,Pittsburgh Steelers,https://assets.sportsbook.fanduel.com/images/team/nfl/pittsburgh_steelers.png,Passing Yds,232.5,-114,-114,FanDuel,2025-11-13T11:52:24.885749
11,Cincinnati Bengals @ Pittsburgh Steelers,Joe Flacco,Cincinnati Bengals,https://assets.sportsbook.fanduel.com/images/team/nfl/cincinnati_bengals.png,Passing Yds,255.5,-114,-114,FanDuel,2025-11-13T11:52:24.885749
11,Cincinnati Bengals @ Pittsburgh Steelers,Aaron Rodgers,Pittsburgh Steelers,https://assets.sportsbook.fanduel.com/images/team/nfl/pittsburgh_steelers.png,Pass Completions,22.5,-118,-112,FanDuel,2025-11-13T11:52:24.885749
11,Cincinnati Bengals @ Pittsburgh Steelers,Joe Flacco,Cincinnati Bengals,https://assets.sportsbook.fanduel.com/images/team/nfl/cincinnati_bengals.png,Longest Pass,34.5,-130,-102,FanDuel,2025-11-13T11:52:24.885749
11,Cincinnati Bengals @ Pittsburgh Steelers,Aaron Rodgers,Pittsburgh Steelers,https://assets.sportsbook.fanduel.com/images/team/nfl/pittsburgh_steelers.png,Passing TDs,1.5,-192,142,FanDuel,2025-11-13T11:52:24.885749
11,Cincinnati Bengals @ Pittsburgh Steelers,Joe Flacco,Cincinnati Bengals,https://assets.sportsbook.fanduel.com/images/team/nfl/cincinnati_bengals.png,1st Qtr Passing Yds,54.5,-112,-118,FanDuel,2025-11-13T11:52:24.885749
11,Cincinnati Bengals @ Pittsburgh Steelers,Aaron Rodgers,Pittsburgh Steelers,https://assets.sportsbook.fanduel.com/images/team/nfl/pittsburgh_steelers.png,Longest Pass,35.5,-114,-114,FanDuel,2025-11-13T11:52:24.885749
11,Cincinnati Bengals @ Pittsburgh Steelers,Joe Flacco,Cincinnati Bengals,https://assets.sportsbook.fanduel.com/images/team/nfl/cincinnati_bengals.png,Pass Completions,25.5,-108,-122,FanDuel,2025-11-13T11:52:24.885749
11,Cincinnati Bengals @ Pittsburgh Steelers,Aaron Rodgers,Pittsburgh Steelers,https://assets.sportsbook.fanduel.com/images/team/nfl/pittsburgh_steelers.png,Pass Attempts,31.5,-120,-108,FanDuel,2025-11-13T11:52:24.885749
11,Cincinnati Bengals @ Pittsburgh Steelers,Ja'Marr Chase,Cincinnati Bengals,https://assets.sportsbook.fanduel.com/images/team/nfl/cincinnati_bengals.png,1st Qtr Receiving Yds,19.5,-118,-112,FanDuel,2025-11-13T11:52:24.885749
11,Cincinnati Bengals @ Pittsburgh Steelers,DK Metcalf,Pittsburgh Steelers,https://assets.sportsbook.fanduel.com/images/team/nfl/pittsburgh_steelers.png,1st Qtr Receiving Yds,11.5,-112,-118,FanDuel,2025-11-13T11:52:24.885749
11,Cincinnati Bengals @ Pittsburgh Steelers,DK Metcalf,Pittsburgh Steelers,https://assets.sportsbook.fanduel.com/images/team/nfl/pittsburgh_steelers.png,Longest Reception,22.5,-112,-118,FanDuel,2025-11-13T11:52:24.885749
11,Cincinnati Bengals @ Pittsburgh Steelers,Andrei Iosivas,Cincinnati Bengals,https://assets.sportsbook.fanduel.com/images/team/nfl/cincinnati_bengals.png,Longest Reception,15.5,-112,-118,FanDuel,2025-11-13T11:52:24.885749
11,Cincinnati Bengals @ Pittsburgh Steelers,Jonnu Smith,Pittsburgh Steelers,https://assets.sportsbook.fanduel.com/images/team/nfl/pittsburgh_steelers.png,Longest Reception,11.5,100,-132,FanDuel,2025-11-13T11:52:24.885749
11,Cincinnati Bengals @ Pittsburgh Steelers,Chase Brown,Cincinnati Bengals,https://assets.sportsbook.fanduel.com/images/team/nfl/cincinnati_bengals.png,Receiving Yds,19.5,-114,-114,FanDuel,2025-11-13T11:52:24.885749
11,Cincinnati Bengals @ Pittsburgh Steelers,Jaylen Warren,Pittsburgh Steelers,https://assets.sportsbook.fanduel.com/images/team/nfl/pittsburgh_steelers.png,Longest Reception,11.5,-110,-120,FanDuel,2025-11-13T11:52:24.885749
11,Cincinnati Bengals @ Pittsburgh Steelers,Tee Higgins,Cincinnati Bengals,https://assets.sportsbook.fanduel.com/images/team/nfl/cincinnati_bengals.png,Total Receptions,4.5,-146,110,FanDuel,2025-11-13T11:52:24.885749
11,Cincinnati Bengals @ Pittsburgh Steelers,Tee Higgins,Cincinnati Bengals,https://assets.sportsbook.fanduel.com/images/team/nfl/cincinnati_bengals.png,Longest Reception,22.5,-114,-114,FanDuel,2025-11-13T11:52:24.885749
11,Cincinnati Bengals @ Pittsburgh Steelers,Ja'Marr Chase,Cincinnati Bengals,https://assets.sportsbook.fanduel.com/images/team/nfl/cincinnati_bengals.png,Receiving Yds,93.5,-114,-114,FanDuel,2025-11-13T11:52:24.885749
11,Cincinnati Bengals @ Pittsburgh Steelers,Calvin Austin III,Pittsburgh Steelers,https://assets.sportsbook.fanduel.com/images/team/nfl/pittsburgh_steelers.png,Total Receptions,2.5,-205,152,FanDuel,2025-11-13T11:52:24.885749
11,Cincinnati Bengals @ Pittsburgh Steelers,Tee Higgins,Cincinnati Bengals,https://assets.sportsbook.fanduel.com/images/team/nfl/cincinnati_bengals.png,Receiving Yds,59.5,-114,-114,FanDuel,2025-11-13T11:52:24.885749
11,Cincinnati Bengals @ Pittsburgh Steelers,Ja'Marr Chase,Cincinnati Bengals,https://assets.sportsbook.fanduel.com/images/team/nfl/cincinnati_bengals.png,Total Receptions,8.5,-136,102,FanDuel,2025-11-13T11:52:24.885749
11,Cincinnati Bengals @ Pittsburgh Steelers,Noah Fant,Cincinnati Bengals,https://assets.sportsbook.fanduel.com/images/team/nfl/cincinnati_bengals.png,Total Receptions,3.5,112,-148,FanDuel,2025-11-13T11:52:24.885749
11,Cincinnati Bengals @ Pittsburgh Steelers,Noah Fant,Cincinnati Bengals,https://assets.sportsbook.fanduel.com/images/team/nfl/cincinnati_bengals.png,1st Qtr Receiving Yds,0.5,102,-136,FanDuel,2025-11-13T11:52:24.885749
11,Cincinnati Bengals @ Pittsburgh Steelers,Andrei Iosivas,Cincinnati Bengals,https://assets.sportsbook.fanduel.com/images/team/nfl/cincinnati_bengals.png,1st Qtr Receiving Yds,0.5,158,-215,FanDuel,2025-11-13T11:52:24.885749
11,Cincinnati Bengals @ Pittsburgh Steelers,Ja'Marr Chase,Cincinnati Bengals,https://assets.sportsbook.fanduel.com/images/team/nfl/cincinnati_bengals.png,Longest Reception,24.5,-114,-114,FanDuel,2025-11-13T11:52:24.885749
11,Cincinnati Bengals @ Pittsburgh Steelers,Tee Higgins,Cincinnati Bengals,https://assets.sportsbook.fanduel.com/images/team/nfl/cincinnati_bengals.png,1st Qtr Receiving Yds,10.5,-110,-120,FanDuel,2025-11-13T11:52:24.885749
11,Cincinnati Bengals @ Pittsburgh Steelers,Jonnu Smith,Pittsburgh Steelers,https://assets.sportsbook.fanduel.com/images/team/nfl/pittsburgh_steelers.png,Receiving Yds,19.5,-114,-114,FanDuel,2025-11-13T11:52:24.885749
11,Cincinnati Bengals @ Pittsburgh Steelers,Calvin Austin III,Pittsburgh Steelers,https://assets.sportsbook.fanduel.com/images/team/nfl/pittsburgh_steelers.png,1st Qtr Receiving Yds,3.5,-118,-112,FanDuel,2025-11-13T11:52:24.885749
11,Cincinnati Bengals @ Pittsburgh Steelers,Chase Brown,Cincinnati Bengals,https://assets.sportsbook.fanduel.com/images/team/nfl/cincinnati_bengals.png,1st Qtr Receiving Yds,0.5,116,-154,FanDuel,2025-11-13T11:52:24.885749
11,Cincinnati Bengals @ Pittsburgh Steelers,Andrei Iosivas,Cincinnati Bengals,https://assets.sportsbook.fanduel.com/images/team/nfl/cincinnati_bengals.png,Total Receptions,2.5,126,-168,FanDuel,2025-11-13T11:52:24.885749
11,Cincinnati Bengals @ Pittsburgh Steelers,Calvin Austin III,Pittsburgh Steelers,https://assets.sportsbook.fanduel.com/images/team/nfl/pittsburgh_steelers.png,Longest Reception,16.5,-110,-120,FanDuel,2025-11-13T11:52:24.885749
11,Cincinnati Bengals @ Pittsburgh Steelers,Chase Brown,Cincinnati Bengals,https://assets.sportsbook.fanduel.com/images/team/nfl/cincinnati_bengals.png,Rushing + Receiving Yds,76.5,-114,-114,FanDuel,2025-11-13T11:52:24.885749
11,Cincinnati Bengals @ Pittsburgh Steelers,Chase Brown,Cincinnati Bengals,https://assets.sportsbook.fanduel.com/images/team/nfl/cincinnati_bengals.png,Longest Reception,10.5,-106,-125,FanDuel,2025-11-13T11:52:24.885749
11,Cincinnati Bengals @ Pittsburgh Steelers,Noah Fant,Cincinnati Bengals,https://assets.sportsbook.fanduel.com/images/team/nfl/cincinnati_bengals.png,Receiving Yds,25.5,-114,-114,FanDuel,2025-11-13T11:52:24.885749
11,Cincinnati Bengals @ Pittsburgh Steelers,Pat Freiermuth,Pittsburgh Steelers,https://assets.sportsbook.fanduel.com/images/team/nfl/pittsburgh_steelers.png,Total Receptions,2.5,-148,112,FanDuel,2025-11-13T11:52:24.885749
11,Cincinnati Bengals @ Pittsburgh Steelers,Andrei Iosivas,Cincinnati Bengals,https://assets.sportsbook.fanduel.com/images/team/nfl/cincinnati_bengals.png,Receiving Yds,25.5,-114,-114,FanDuel,2025-11-13T11:52:24.885749
11,Cincinnati Bengals @ Pittsburgh Steelers,Jaylen Warren,Pittsburgh Steelers,https://assets.sportsbook.fanduel.com/images/team/nfl/pittsburgh_steelers.png,Receiving Yds,20.5,-114,-114,FanDuel,2025-11-13T11:52:24.885749
11,Cincinnati Bengals @ Pittsburgh Steelers,Jaylen Warren,Pittsburgh Steelers,https://assets.sportsbook.fanduel.com/images/team/nfl/pittsburgh_steelers.png,1st Qtr Receiving Yds,0.5,-104,-128,FanDuel,2025-11-13T11:52:24.885749
11,Cincinnati Bengals @ Pittsburgh Steelers,Pat Freiermuth,Pittsburgh Steelers,https://assets.sportsbook.fanduel.com/images/team/nfl/pittsburgh_steelers.png,Longest Reception,14.5,-106,-125,FanDuel,2025-11-13T11:52:24.885749
11,Cincinnati Bengals @ Pittsburgh Steelers,Jonnu Smith,Pittsburgh Steelers,https://assets.sportsbook.fanduel.com/images/team/nfl/pittsburgh_steelers.png,Total Receptions,2.5,-172,128,FanDuel,2025-11-13T11:52:24.885749
11,Cincinnati Bengals @ Pittsburgh Steelers,Jaylen Warren,Pittsburgh Steelers,https://assets.sportsbook.fanduel.com/images/team/nfl/pittsburgh_steelers.png,Total Receptions,2.5,-138,104,FanDuel,2025-11-13T11:52:24.885749
11,Cincinnati Bengals @ Pittsburgh Steelers,Jaylen Warren,Pittsburgh Steelers,https://assets.sportsbook.fanduel.com/images/team/nfl/pittsburgh_steelers.png,Rushing + Receiving Yds,102.5,-114,-114,FanDuel,2025-11-13T11:52:24.885749
11,Cincinnati Bengals @ Pittsburgh Steelers,Chase Brown,Cincinnati Bengals,https://assets.sportsbook.fanduel.com/images/team/nfl/cincinnati_bengals.png,Total Receptions,2.5,-235,172,FanDuel,2025-11-13T11:52:24.885749
11,Cincinnati Bengals @ Pittsburgh Steelers,Pat Freiermuth,Pittsburgh Steelers,https://assets.sportsbook.fanduel.com/images/team/nfl/pittsburgh_steelers.png,1st Qtr Receiving Yds,0.5,-110,-120,FanDuel,2025-11-13T11:52:24.885749
11,Cincinnati Bengals @ Pittsburgh Steelers,DK Metcalf,Pittsburgh Steelers,https://assets.sportsbook.fanduel.com/images/team/nfl/pittsburgh_steelers.png,Total Receptions,3.5,-192,142,FanDuel,2025-11-13T11:52:24.885749
11,Cincinnati Bengals @ Pittsburgh Steelers,DK Metcalf,Pittsburgh Steelers,https://assets.sportsbook.fanduel.com/images/team/nfl/pittsburgh_steelers.png,Receiving Yds,54.5,-114,-114,FanDuel,2025-11-13T11:52:24.885749
11,Cincinnati Bengals @ Pittsburgh Steelers,Pat Freiermuth,Pittsburgh Steelers,https://assets.sportsbook.fanduel.com/images/team/nfl/pittsburgh_steelers.png,Receiving Yds,26.5,-114,-114,FanDuel,2025-11-13T11:52:24.885749
11,Cincinnati Bengals @ Pittsburgh Steelers,Calvin Austin III,Pittsburgh Steelers,https://assets.sportsbook.fanduel.com/images/team/nfl/pittsburgh_steelers.png,Receiving Yds,32.5,-114,-114,FanDuel,2025-11-13T11:52:24.885749
11,Cincinnati Bengals @ Pittsburgh Steelers,Noah Fant,Cincinnati Bengals,https://assets.sportsbook.fanduel.com/images/team/nfl/cincinnati_bengals.png,Longest Reception,12.5,-118,-112,FanDuel,2025-11-13T11:52:24.885749
11,Cincinnati Bengals @ Pittsburgh Steelers,Chase Brown,Cincinnati Bengals,https://assets.sportsbook.fanduel.com/images/team/nfl/cincinnati_bengals.png,1st Qtr Rushing Yds,12.5,-108,-122,FanDuel,2025-11-13T11:52:24.885749
11,Cincinnati Bengals @ Pittsburgh Steelers,Chase Brown,Cincinnati Bengals,https://assets.sportsbook.fanduel.com/images/team/nfl/cincinnati_bengals.png,Rush Attempts,14.5,-118,-112,FanDuel,2025-11-13T11:52:24.885749
11,Cincinnati Bengals @ Pittsburgh Steelers,Jaylen Warren,Pittsburgh Steelers,https://assets.sportsbook.fanduel.com/images/team/nfl/pittsburgh_steelers.png,Rush Attempts,16.5,-172,128,FanDuel,2025-11-13T11:52:24.885749
11,Cincinnati Bengals @ Pittsburgh Steelers,Jaylen Warren,Pittsburgh Steelers,https://assets.sportsbook.fanduel.com/images/team/nfl/pittsburgh_steelers.png,1st Qtr Rushing Yds,20.5,-118,-112,FanDuel,2025-11-13T11:52:24.885749
11,Cincinnati Bengals @ Pittsburgh Steelers,Jaylen Warren,Pittsburgh Steelers,https://assets.sportsbook.fanduel.com/images/team/nfl/pittsburgh_steelers.png,Rushing Yds,76.5,-114,-114,FanDuel,2025-11-13T11:52:24.885749
11,Cincinnati Bengals @ Pittsburgh Steelers,Chase Brown,Cincinnati Bengals,https://assets.sportsbook.fanduel.com/images/team/nfl/cincinnati_bengals.png,Rushing Yds,52.5,-114,-114,FanDuel,2025-11-13T11:52:24.885749
11,Cincinnati Bengals @ Pittsburgh Steelers,Jaylen Warren,Pittsburgh Steelers,https://assets.sportsbook.fanduel.com/images/team/nfl/pittsburgh_steelers.png,1st Qtr Rushing + Receiving Yds,27.5,-112,-118,FanDuel,2025-11-13T11:52:24.885749
11,Cincinnati Bengals @ Pittsburgh Steelers,Chase Brown,Cincinnati Bengals,https://assets.sportsbook.fanduel.com/images/team/nfl/cincinnati_bengals.png,1st Qtr Rushing + Receiving Yds,16.5,-114,-114,FanDuel,2025-11-13T11:52:24.885749
11,Cincinnati Bengals @ Pittsburgh Steelers,Jaylen Warren,Pittsburgh Steelers,https://assets.sportsbook.fanduel.com/images/team/nfl/pittsburgh_steelers.png,Rushing + Receiving Yds,102.5,-114,-114,FanDuel,2025-11-13T11:52:24.885749
11,Cincinnati Bengals @ Pittsburgh Steelers,Chase Brown,Cincinnati Bengals,https://assets.sportsbook.fanduel.com/images/team/nfl/cincinnati_bengals.png,Rushing + Receiving Yds,76.5,-114,-114,FanDuel,2025-11-13T11:52:24.885749
11,Tampa Bay Buccaneers @ Buffalo Bills,Josh Allen,Buffalo Bills,https://assets.sportsbook.fanduel.com/images/team/nfl/buffalo_bills.png,Passing TDs,1.5,116,-154,FanDuel,2025-11-13T11:52:24.885749
11,Tampa Bay Buccaneers @ Buffalo Bills,Baker Mayfield,Tampa Bay Buccaneers,https://assets.sportsbook.fanduel.com/images/team/nfl/tampa_bay_buccaneers.png,Passing TDs,1.5,134,-180,FanDuel,2025-11-13T11:52:24.885749
11,Tampa Bay Buccaneers @ Buffalo Bills,Josh Allen,Buffalo Bills,https://assets.sportsbook.fanduel.com/images/team/nfl/buffalo_bills.png,Passing Yds,217.5,-114,-114,FanDuel,2025-11-13T11:52:24.885749
11,Tampa Bay Buccaneers @ Buffalo Bills,Baker Mayfield,Tampa Bay Buccaneers,https://assets.sportsbook.fanduel.com/images/team/nfl/tampa_bay_buccaneers.png,Passing Yds,215.5,-114,-114,FanDuel,2025-11-13T11:52:24.885749
11,Houston Texans @ Tennessee Titans,Cam Ward,Tennessee Titans,https://assets.sportsbook.fanduel.com/images/team/nfl/tennessee_titans.png,Passing TDs,0.5,-172,128,FanDuel,2025-11-13T11:52:24.885749
11,Houston Texans @ Tennessee Titans,Cam Ward,Tennessee Titans,https://assets.sportsbook.fanduel.com/images/team/nfl/tennessee_titans.png,1st Qtr Passing Yds,40.5,-118,-114,FanDuel,2025-11-13T11:52:24.885749
11,Houston Texans @ Tennessee Titans,Cam Ward,Tennessee Titans,https://assets.sportsbook.fanduel.com/images/team/nfl/tennessee_titans.png,Passing Yds,188.5,-114,-114,FanDuel,2025-11-13T11:52:24.885749
11,Houston Texans @ Tennessee Titans,Davis Mills,Houston Texans,https://assets.sportsbook.fanduel.com/images/team/nfl/houston_texans.png,Passing Yds,215.5,-114,-114,FanDuel,2025-11-13T11:52:24.885749
11,Houston Texans @ Tennessee Titans,Davis Mills,Houston Texans,https://assets.sportsbook.fanduel.com/images/team/nfl/houston_texans.png,1st Qtr Passing Yds,51.5,-114,-114,FanDuel,2025-11-13T11:52:24.885749
11,Houston Texans @ Tennessee Titans,Davis Mills,Houston Texans,https://assets.sportsbook.fanduel.com/images/team/nfl/houston_texans.png,Passing TDs,1.5,134,-180,FanDuel,2025-11-13T11:52:24.885749
11,Seattle Seahawks @ Los Angeles Rams,Matthew Stafford,Los Angeles Rams,https://assets.sportsbook.fanduel.com/images/team/nfl/los_angeles_rams.png,Pass Attempts,35.5,-114,-114,FanDuel,2025-11-13T11:52:24.885749
11,Seattle Seahawks @ Los Angeles Rams,Sam Darnold,Seattle Seahawks,https://assets.sportsbook.fanduel.com/images/team/nfl/seattle_seahawks.png,Pass Attempts,29.5,-115,-113,FanDuel,2025-11-13T11:52:24.885749
11,Seattle Seahawks @ Los Angeles Rams,Matthew Stafford,Los Angeles Rams,https://assets.sportsbook.fanduel.com/images/team/nfl/los_angeles_rams.png,Passing + Rushing Yds,265.5,-114,-114,FanDuel,2025-11-13T11:52:24.885749
11,Seattle Seahawks @ Los Angeles Rams,Matthew Stafford,Los Angeles Rams,https://assets.sportsbook.fanduel.com/images/team/nfl/los_angeles_rams.png,Pass Completions,23.5,-112,-118,FanDuel,2025-11-13T11:52:24.885749
11,Seattle Seahawks @ Los Angeles Rams,Matthew Stafford,Los Angeles Rams,https://assets.sportsbook.fanduel.com/images/team/nfl/los_angeles_rams.png,Longest Pass,37.5,-114,-114,FanDuel,2025-11-13T11:52:24.885749
11,Seattle Seahawks @ Los Angeles Rams,Sam Darnold,Seattle Seahawks,https://assets.sportsbook.fanduel.com/images/team/nfl/seattle_seahawks.png,Longest Pass,37.5,-114,-114,FanDuel,2025-11-13T11:52:24.885749
11,Seattle Seahawks @ Los Angeles Rams,Sam Darnold,Seattle Seahawks,https://assets.sportsbook.fanduel.com/images/team/nfl/seattle_seahawks.png,Pass Completions,20.5,-110,-120,FanDuel,2025-11-13T11:52:24.885749
11,Seattle Seahawks @ Los Angeles Rams,Sam Darnold,Seattle Seahawks,https://assets.sportsbook.fanduel.com/images/team/nfl/seattle_seahawks.png,Passing TDs,1.5,-106,-125,FanDuel,2025-11-13T11:52:24.885749
11,Seattle Seahawks @ Los Angeles Rams,Sam Darnold,Seattle Seahawks,https://assets.sportsbook.fanduel.com/images/team/nfl/seattle_seahawks.png,Passing + Rushing Yds,258.5,-114,-114,FanDuel,2025-11-13T11:52:24.885749
11,Seattle Seahawks @ Los Angeles Rams,Matthew Stafford,Los Angeles Rams,https://assets.sportsbook.fanduel.com/images/team/nfl/los_angeles_rams.png,1st Qtr Passing Yds,59.5,-118,-112,FanDuel,2025-11-13T11:52:24.885749
11,Seattle Seahawks @ Los Angeles Rams,Matthew Stafford,Los Angeles Rams,https://assets.sportsbook.fanduel.com/images/team/nfl/los_angeles_rams.png,Passing Yds,261.5,-114,-114,FanDuel,2025-11-13T11:52:24.885749
11,Seattle Seahawks @ Los Angeles Rams,Matthew Stafford,Los Angeles Rams,https://assets.sportsbook.fanduel.com/images/team/nfl/los_angeles_rams.png,Passing TDs,2.5,152,-205,FanDuel,2025-11-13T11:52:24.885749
11,Seattle Seahawks @ Los Angeles Rams,Sam Darnold,Seattle Seahawks,https://assets.sportsbook.fanduel.com/images/team/nfl/seattle_seahawks.png,1st Qtr Passing Yds,54.5,-112,-118,FanDuel,2025-11-13T11:52:24.885749
11,Seattle Seahawks @ Los Angeles Rams,Sam Darnold,Seattle Seahawks,https://assets.sportsbook.fanduel.com/images/team/nfl/seattle_seahawks.png,Passing Yds,252.5,-114,-114,FanDuel,2025-11-13T11:52:24.885749
11,Seattle Seahawks @ Los Angeles Rams,Puka Nacua,Los Angeles Rams,https://assets.sportsbook.fanduel.com/images/team/nfl/los_angeles_rams.png,1st Qtr Receiving Yds,24.5,-112,-118,FanDuel,2025-11-13T11:52:24.885749
11,Seattle Seahawks @ Los Angeles Rams,Jaxon Smith-Njigba,Seattle Seahawks,https://assets.sportsbook.fanduel.com/images/team/nfl/seattle_seahawks.png,Receiving Yds,100.5,-114,-114,FanDuel,2025-11-13T11:52:24.885749
11,Seattle Seahawks @ Los Angeles Rams,Davante Adams,Los Angeles Rams,https://assets.sportsbook.fanduel.com/images/team/nfl/los_angeles_rams.png,Total Receptions,5.5,126,-168,FanDuel,2025-11-13T11:52:24.885749
11,Seattle Seahawks @ Los Angeles Rams,Davante Adams,Los Angeles Rams,https://assets.sportsbook.fanduel.com/images/team/nfl/los_angeles_rams.png,1st Qtr Receiving Yds,13.5,-118,-112,FanDuel,2025-11-13T11:52:24.885749
11,Seattle Seahawks @ Los Angeles Rams,Davante Adams,Los Angeles Rams,https://assets.sportsbook.fanduel.com/images/team/nfl/los_angeles_rams.png,Longest Reception,22.5,-118,-112,FanDuel,2025-11-13T11:52:24.885749
11,Seattle Seahawks @ Los Angeles Rams,Davante Adams,Los Angeles Rams,https://assets.sportsbook.fanduel.com/images/team/nfl/los_angeles_rams.png,Receiving Yds,61.5,-114,-114,FanDuel,2025-11-13T11:52:24.885749
11,Seattle Seahawks @ Los Angeles Rams,Rashid Shaheed,Seattle Seahawks,https://assets.sportsbook.fanduel.com/images/team/nfl/seattle_seahawks.png,Receiving Yds,31.5,-114,-114,FanDuel,2025-11-13T11:52:24.885749
11,Seattle Seahawks @ Los Angeles Rams,Rashid Shaheed,Seattle Seahawks,https://assets.sportsbook.fanduel.com/images/team/nfl/seattle_seahawks.png,Longest Reception,19.5,-112,-118,FanDuel,2025-11-13T11:52:24.885749
11,Seattle Seahawks @ Los Angeles Rams,Rashid Shaheed,Seattle Seahawks,https://assets.sportsbook.fanduel.com/images/team/nfl/seattle_seahawks.png,1st Qtr Receiving Yds,0.5,118,-158,FanDuel,2025-11-13T11:52:24.885749
11,Seattle Seahawks @ Los Angeles Rams,Jaxon Smith-Njigba,Seattle Seahawks,https://assets.sportsbook.fanduel.com/images/team/nfl/seattle_seahawks.png,1st Qtr Receiving Yds,25.5,-114,-114,FanDuel,2025-11-13T11:52:24.885749
11,Seattle Seahawks @ Los Angeles Rams,Jaxon Smith-Njigba,Seattle Seahawks,https://assets.sportsbook.fanduel.com/images/team/nfl/seattle_seahawks.png,Longest Reception,29.5,-112,-118,FanDuel,2025-11-13T11:52:24.885749
11,Seattle Seahawks @ Los Angeles Rams,Rashid Shaheed,Seattle Seahawks,https://assets.sportsbook.fanduel.com/images/team/nfl/seattle_seahawks.png,Total Receptions,2.5,146,-198,FanDuel,2025-11-13T11:52:24.885749
11,Seattle Seahawks @ Los Angeles Rams,Puka Nacua,Los Angeles Rams,https://assets.sportsbook.fanduel.com/images/team/nfl/los_angeles_rams.png,Total Receptions,7.5,-122,-108,FanDuel,2025-11-13T11:52:24.885749
11,Seattle Seahawks @ Los Angeles Rams,Puka Nacua,Los Angeles Rams,https://assets.sportsbook.fanduel.com/images/team/nfl/los_angeles_rams.png,Longest Reception,25.5,-108,-122,FanDuel,2025-11-13T11:52:24.885749
11,Seattle Seahawks @ Los Angeles Rams,Puka Nacua,Los Angeles Rams,https://assets.sportsbook.fanduel.com/images/team/nfl/los_angeles_rams.png,Receiving Yds,87.5,-114,-114,FanDuel,2025-11-13T11:52:24.885749
11,Seattle Seahawks @ Los Angeles Rams,Jaxon Smith-Njigba,Seattle Seahawks,https://assets.sportsbook.fanduel.com/images/team/nfl/seattle_seahawks.png,Total Receptions,7.5,100,-132,FanDuel,2025-11-13T11:52:24.885749
11,Seattle Seahawks @ Los Angeles Rams,Matthew Stafford,Los Angeles Rams,https://assets.sportsbook.fanduel.com/images/team/nfl/los_angeles_rams.png,Rushing Yds,0.5,106,-140,FanDuel,2025-11-13T11:52:24.885749
11,Seattle Seahawks @ Los Angeles Rams,Blake Corum,Los Angeles Rams,https://assets.sportsbook.fanduel.com/images/team/nfl/los_angeles_rams.png,1st Qtr Rushing Yds,6.5,-106,-125,FanDuel,2025-11-13T11:52:24.885749
11,Seattle Seahawks @ Los Angeles Rams,Sam Darnold,Seattle Seahawks,https://assets.sportsbook.fanduel.com/images/team/nfl/seattle_seahawks.png,Rushing Yds,3.5,-108,-122,FanDuel,2025-11-13T11:52:24.885749
11,Seattle Seahawks @ Los Angeles Rams,Kyren Williams,Los Angeles Rams,https://assets.sportsbook.fanduel.com/images/team/nfl/los_angeles_rams.png,Rushing Yds,60.5,-114,-114,FanDuel,2025-11-13T11:52:24.885749
11,Seattle Seahawks @ Los Angeles Rams,Zach Charbonnet,Seattle Seahawks,https://assets.sportsbook.fanduel.com/images/team/nfl/seattle_seahawks.png,1st Qtr Rushing Yds,7.5,-112,-118,FanDuel,2025-11-13T11:52:24.885749
11,Seattle Seahawks @ Los Angeles Rams,Kenneth Walker III,Seattle Seahawks,https://assets.sportsbook.fanduel.com/images/team/nfl/seattle_seahawks.png,Rushing Yds,44.5,-114,-114,FanDuel,2025-11-13T11:52:24.885749
11,Seattle Seahawks @ Los Angeles Rams,Kenneth Walker III,Seattle Seahawks,https://assets.sportsbook.fanduel.com/images/team/nfl/seattle_seahawks.png,1st Qtr Rushing Yds,11.5,-108,-122,FanDuel,2025-11-13T11:52:24.885749
11,Seattle Seahawks @ Los Angeles Rams,Zach Charbonnet,Seattle Seahawks,https://assets.sportsbook.fanduel.com/images/team/nfl/seattle_seahawks.png,Rushing Yds,32.5,-114,-114,FanDuel,2025-11-13T11:52:24.885749
11,Seattle Seahawks @ Los Angeles Rams,Blake Corum,Los Angeles Rams,https://assets.sportsbook.fanduel.com/images/team/nfl/los_angeles_rams.png,Rushing Yds,29.5,-114,-114,FanDuel,2025-11-13T11:52:24.885749
11,Seattle Seahawks @ Los Angeles Rams,Kyren Williams,Los Angeles Rams,https://assets.sportsbook.fanduel.com/images/team/nfl/los_angeles_rams.png,1st Qtr Rushing Yds,15.5,-108,-122,FanDuel,2025-11-13T11:52:24.885749
11,San Francisco 49ers @ Arizona Cardinals,Jacoby Brissett,Arizona Cardinals,https://assets.sportsbook.fanduel.com/images/team/nfl/arizona_cardinals.png,Passing TDs,1.5,-125,-106,FanDuel,2025-11-13T11:52:24.885749
11,San Francisco 49ers @ Arizona Cardinals,Jacoby Brissett,Arizona Cardinals,https://assets.sportsbook.fanduel.com/images/team/nfl/arizona_cardinals.png,Pass Completions,21.5,-130,-102,FanDuel,2025-11-13T11:52:24.885749
11,San Francisco 49ers @ Arizona Cardinals,Jacoby Brissett,Arizona Cardinals,https://assets.sportsbook.fanduel.com/images/team/nfl/arizona_cardinals.png,Passing Yds,236.5,-114,-114,FanDuel,2025-11-13T11:52:24.885749
11,San Francisco 49ers @ Arizona Cardinals,Jacoby Brissett,Arizona Cardinals,https://assets.sportsbook.fanduel.com/images/team/nfl/arizona_cardinals.png,Pass Attempts,35.5,-108,-120,FanDuel,2025-11-13T11:52:24.885749
11,San Francisco 49ers @ Arizona Cardinals,Michael Wilson,Arizona Cardinals,https://assets.sportsbook.fanduel.com/images/team/nfl/arizona_cardinals.png,Receiving Yds,47.5,-114,-114,FanDuel,2025-11-13T11:52:24.885749
11,San Francisco 49ers @ Arizona Cardinals,Trey McBride,Arizona Cardinals,https://assets.sportsbook.fanduel.com/images/team/nfl/arizona_cardinals.png,Receiving Yds,74.5,-114,-114,FanDuel,2025-11-13T11:52:24.885749
11,San Francisco 49ers @ Arizona Cardinals,Trey McBride,Arizona Cardinals,https://assets.sportsbook.fanduel.com/images/team/nfl/arizona_cardinals.png,Longest Reception,22.5,-114,-114,FanDuel,2025-11-13T11:52:24.885749
11,San Francisco 49ers @ Arizona Cardinals,Greg Dortch,Arizona Cardinals,https://assets.sportsbook.fanduel.com/images/team/nfl/arizona_cardinals.png,Longest Reception,14.5,-118,-112,FanDuel,2025-11-13T11:52:24.885749
11,San Francisco 49ers @ Arizona Cardinals,Greg Dortch,Arizona Cardinals,https://assets.sportsbook.fanduel.com/images/team/nfl/arizona_cardinals.png,Total Receptions,3.5,116,-154,FanDuel,2025-11-13T11:52:24.885749
11,San Francisco 49ers @ Arizona Cardinals,Trey McBride,Arizona Cardinals,https://assets.sportsbook.fanduel.com/images/team/nfl/arizona_cardinals.png,Total Receptions,7.5,130,-174,FanDuel,2025-11-13T11:52:24.885749
11,San Francisco 49ers @ Arizona Cardinals,Greg Dortch,Arizona Cardinals,https://assets.sportsbook.fanduel.com/images/team/nfl/arizona_cardinals.png,Receiving Yds,29.5,-114,-114,FanDuel,2025-11-13T11:52:24.885749
11,San Francisco 49ers @ Arizona Cardinals,Michael Wilson,Arizona Cardinals,https://assets.sportsbook.fanduel.com/images/team/nfl/arizona_cardinals.png,Longest Reception,20.5,-112,-118,FanDuel,2025-11-13T11:52:24.885749
11,San Francisco 49ers @ Arizona Cardinals,Michael Wilson,Arizona Cardinals,https://assets.sportsbook.fanduel.com/images/team/nfl/arizona_cardinals.png,Total Receptions,3.5,-158,118,FanDuel,2025-11-13T11:52:24.885749
11,Kansas City Chiefs @ Denver Broncos,Patrick Mahomes,Kansas City Chiefs,https://assets.sportsbook.fanduel.com/images/team/nfl/kansas_city_chiefs.png,1st Qtr Passing Yds,60.5,-114,-114,FanDuel,2025-11-13T11:52:24.885749
11,Kansas City Chiefs @ Denver Broncos,Bo Nix,Denver Broncos,https://assets.sportsbook.fanduel.com/images/team/nfl/denver_broncos.png,Pass Completions,21.5,-130,-102,FanDuel,2025-11-13T11:52:24.885749
11,Kansas City Chiefs @ Denver Broncos,Patrick Mahomes,Kansas City Chiefs,https://assets.sportsbook.fanduel.com/images/team/nfl/kansas_city_chiefs.png,Pass Attempts,35.5,-125,-104,FanDuel,2025-11-13T11:52:24.885749
11,Kansas City Chiefs @ Denver Broncos,Patrick Mahomes,Kansas City Chiefs,https://assets.sportsbook.fanduel.com/images/team/nfl/kansas_city_chiefs.png,Pass Completions,23.5,-122,-108,FanDuel,2025-11-13T11:52:24.885749
11,Kansas City Chiefs @ Denver Broncos,Patrick Mahomes,Kansas City Chiefs,https://assets.sportsbook.fanduel.com/images/team/nfl/kansas_city_chiefs.png,Passing Yds,261.5,-114,-114,FanDuel,2025-11-13T11:52:24.885749
11,Kansas City Chiefs @ Denver Broncos,Bo Nix,Denver Broncos,https://assets.sportsbook.fanduel.com/images/team/nfl/denver_broncos.png,Passing Yds,218.5,-114,-114,FanDuel,2025-11-13T11:52:24.885749
11,Kansas City Chiefs @ Denver Broncos,Patrick Mahomes,Kansas City Chiefs,https://assets.sportsbook.fanduel.com/images/team/nfl/kansas_city_chiefs.png,Passing TDs,1.5,-122,-108,FanDuel,2025-11-13T11:52:24.885749
11,Kansas City Chiefs @ Denver Broncos,Bo Nix,Denver Broncos,https://assets.sportsbook.fanduel.com/images/team/nfl/denver_broncos.png,1st Qtr Passing Yds,46.5,-118,-112,FanDuel,2025-11-13T11:52:24.885749
11,Kansas City Chiefs @ Denver Broncos,Bo Nix,Denver Broncos,https://assets.sportsbook.fanduel.com/images/team/nfl/denver_broncos.png,Pass Attempts,34.5,108,-140,FanDuel,2025-11-13T11:52:24.885749
11,Kansas City Chiefs @ Denver Broncos,Bo Nix,Denver Broncos,https://assets.sportsbook.fanduel.com/images/team/nfl/denver_broncos.png,Passing TDs,1.5,122,-162,FanDuel,2025-11-13T11:52:24.885749
11,Kansas City Chiefs @ Denver Broncos,RJ Harvey,Denver Broncos,https://assets.sportsbook.fanduel.com/images/team/nfl/denver_broncos.png,Longest Reception,9.5,-106,-125,FanDuel,2025-11-13T11:52:24.885749
11,Kansas City Chiefs @ Denver Broncos,RJ Harvey,Denver Broncos,https://assets.sportsbook.fanduel.com/images/team/nfl/denver_broncos.png,Receiving Yds,15.5,-114,-114,FanDuel,2025-11-13T11:52:24.885749
11,Kansas City Chiefs @ Denver Broncos,Troy Franklin,Denver Broncos,https://assets.sportsbook.fanduel.com/images/team/nfl/denver_broncos.png,1st Qtr Receiving Yds,7.5,-112,-118,FanDuel,2025-11-13T11:52:24.885749
11,Kansas City Chiefs @ Denver Broncos,Evan Engram,Denver Broncos,https://assets.sportsbook.fanduel.com/images/team/nfl/denver_broncos.png,Longest Reception,12.5,-110,-122,FanDuel,2025-11-13T11:52:24.885749
11,Kansas City Chiefs @ Denver Broncos,Marquise Brown,Kansas City Chiefs,https://assets.sportsbook.fanduel.com/images/team/nfl/kansas_city_chiefs.png,Longest Reception,12.5,-112,-118,FanDuel,2025-11-13T11:52:24.885749
11,Kansas City Chiefs @ Denver Broncos,Rashee Rice,Kansas City Chiefs,https://assets.sportsbook.fanduel.com/images/team/nfl/kansas_city_chiefs.png,Total Receptions,6.5,-144,108,FanDuel,2025-11-13T11:52:24.885749
11,Kansas City Chiefs @ Denver Broncos,Courtland Sutton,Denver Broncos,https://assets.sportsbook.fanduel.com/images/team/nfl/denver_broncos.png,Total Receptions,3.5,-162,122,FanDuel,2025-11-13T11:52:24.885749
11,Kansas City Chiefs @ Denver Broncos,Rashee Rice,Kansas City Chiefs,https://assets.sportsbook.fanduel.com/images/team/nfl/kansas_city_chiefs.png,Receiving Yds,73.5,-114,-114,FanDuel,2025-11-13T11:52:24.885749
11,Kansas City Chiefs @ Denver Broncos,Courtland Sutton,Denver Broncos,https://assets.sportsbook.fanduel.com/images/team/nfl/denver_broncos.png,1st Qtr Receiving Yds,9.5,-108,-122,FanDuel,2025-11-13T11:52:24.885749
11,Kansas City Chiefs @ Denver Broncos,Courtland Sutton,Denver Broncos,https://assets.sportsbook.fanduel.com/images/team/nfl/denver_broncos.png,Receiving Yds,49.5,-114,-114,FanDuel,2025-11-13T11:52:24.885749
11,Kansas City Chiefs @ Denver Broncos,Courtland Sutton,Denver Broncos,https://assets.sportsbook.fanduel.com/images/team/nfl/denver_broncos.png,Longest Reception,21.5,-108,-122,FanDuel,2025-11-13T11:52:24.885749
11,Kansas City Chiefs @ Denver Broncos,Rashee Rice,Kansas City Chiefs,https://assets.sportsbook.fanduel.com/images/team/nfl/kansas_city_chiefs.png,Longest Reception,22.5,-112,-118,FanDuel,2025-11-13T11:52:24.885749
11,Kansas City Chiefs @ Denver Broncos,Travis Kelce,Kansas City Chiefs,https://assets.sportsbook.fanduel.com/images/team/nfl/kansas_city_chiefs.png,Longest Reception,18.5,-120,-110,FanDuel,2025-11-13T11:52:24.885749
11,Kansas City Chiefs @ Denver Broncos,Marquise Brown,Kansas City Chiefs,https://assets.sportsbook.fanduel.com/images/team/nfl/kansas_city_chiefs.png,1st Qtr Receiving Yds,0.5,148,-200,FanDuel,2025-11-13T11:52:24.885749
11,Kansas City Chiefs @ Denver Broncos,Marquise Brown,Kansas City Chiefs,https://assets.sportsbook.fanduel.com/images/team/nfl/kansas_city_chiefs.png,Receiving Yds,18.5,-114,-114,FanDuel,2025-11-13T11:52:24.885749
11,Kansas City Chiefs @ Denver Broncos,Rashee Rice,Kansas City Chiefs,https://assets.sportsbook.fanduel.com/images/team/nfl/kansas_city_chiefs.png,1st Qtr Receiving Yds,18.5,-118,-112,FanDuel,2025-11-13T11:52:24.885749
11,Kansas City Chiefs @ Denver Broncos,Xavier Worthy,Kansas City Chiefs,https://assets.sportsbook.fanduel.com/images/team/nfl/kansas_city_chiefs.png,Longest Reception,17.5,-120,-110,FanDuel,2025-11-13T11:52:24.885749
11,Kansas City Chiefs @ Denver Broncos,Evan Engram,Denver Broncos,https://assets.sportsbook.fanduel.com/images/team/nfl/denver_broncos.png,Receiving Yds,24.5,-114,-114,FanDuel,2025-11-13T11:52:24.885749
11,Kansas City Chiefs @ Denver Broncos,Marvin Mims Jr.,Denver Broncos,https://assets.sportsbook.fanduel.com/images/team/nfl/denver_broncos.png,Receiving Yds,23.5,-114,-114,FanDuel,2025-11-13T11:52:24.885749
11,Kansas City Chiefs @ Denver Broncos,Evan Engram,Denver Broncos,https://assets.sportsbook.fanduel.com/images/team/nfl/denver_broncos.png,Total Receptions,3.5,100,-132,FanDuel,2025-11-13T11:52:24.885749
11,Kansas City Chiefs @ Denver Broncos,RJ Harvey,Denver Broncos,https://assets.sportsbook.fanduel.com/images/team/nfl/denver_broncos.png,Total Receptions,2.5,-112,-118,FanDuel,2025-11-13T11:52:24.885749
11,Kansas City Chiefs @ Denver Broncos,RJ Harvey,Denver Broncos,https://assets.sportsbook.fanduel.com/images/team/nfl/denver_broncos.png,Rushing + Receiving Yds,73.5,-114,-114,FanDuel,2025-11-13T11:52:24.885749
11,Kansas City Chiefs @ Denver Broncos,Travis Kelce,Kansas City Chiefs,https://assets.sportsbook.fanduel.com/images/team/nfl/kansas_city_chiefs.png,Total Receptions,4.5,130,-174,FanDuel,2025-11-13T11:52:24.885749
11,Kansas City Chiefs @ Denver Broncos,Xavier Worthy,Kansas City Chiefs,https://assets.sportsbook.fanduel.com/images/team/nfl/kansas_city_chiefs.png,Receiving Yds,39.5,-114,-114,FanDuel,2025-11-13T11:52:24.885749
11,Kansas City Chiefs @ Denver Broncos,Xavier Worthy,Kansas City Chiefs,https://assets.sportsbook.fanduel.com/images/team/nfl/kansas_city_chiefs.png,Total Receptions,3.5,-132,100,FanDuel,2025-11-13T11:52:24.885749
11,Kansas City Chiefs @ Denver Broncos,Troy Franklin,Denver Broncos,https://assets.sportsbook.fanduel.com/images/team/nfl/denver_broncos.png,Receiving Yds,40.5,-114,-114,FanDuel,2025-11-13T11:52:24.885749
11,Kansas City Chiefs @ Denver Broncos,Travis Kelce,Kansas City Chiefs,https://assets.sportsbook.fanduel.com/images/team/nfl/kansas_city_chiefs.png,Receiving Yds,44.5,-114,-114,FanDuel,2025-11-13T11:52:24.885749
11,Kansas City Chiefs @ Denver Broncos,Travis Kelce,Kansas City Chiefs,https://assets.sportsbook.fanduel.com/images/team/nfl/kansas_city_chiefs.png,1st Qtr Receiving Yds,8.5,-120,-110,FanDuel,2025-11-13T11:52:24.885749
11,Kansas City Chiefs @ Denver Broncos,Xavier Worthy,Kansas City Chiefs,https://assets.sportsbook.fanduel.com/images/team/nfl/kansas_city_chiefs.png,1st Qtr Receiving Yds,8.5,-108,-122,FanDuel,2025-11-13T11:52:24.885749
11,Kansas City Chiefs @ Denver Broncos,Troy Franklin,Denver Broncos,https://assets.sportsbook.fanduel.com/images/team/nfl/denver_broncos.png,Total Receptions,4.5,122,-162,FanDuel,2025-11-13T11:52:24.885749
11,Kansas City Chiefs @ Denver Broncos,Marvin Mims Jr.,Denver Broncos,https://assets.sportsbook.fanduel.com/images/team/nfl/denver_broncos.png,Longest Reception,13.5,-118,-112,FanDuel,2025-11-13T11:52:24.885749
11,Kansas City Chiefs @ Denver Broncos,Troy Franklin,Denver Broncos,https://assets.sportsbook.fanduel.com/images/team/nfl/denver_broncos.png,Longest Reception,17.5,-112,-118,FanDuel,2025-11-13T11:52:24.885749
11,Kansas City Chiefs @ Denver Broncos,Marvin Mims Jr.,Denver Broncos,https://assets.sportsbook.fanduel.com/images/team/nfl/denver_broncos.png,Total Receptions,2.5,-106,-125,FanDuel,2025-11-13T11:52:24.885749
11,Kansas City Chiefs @ Denver Broncos,Evan Engram,Denver Broncos,https://assets.sportsbook.fanduel.com/images/team/nfl/denver_broncos.png,1st Qtr Receiving Yds,1.5,-118,-112,FanDuel,2025-11-13T11:52:24.885749
11,Kansas City Chiefs @ Denver Broncos,Marquise Brown,Kansas City Chiefs,https://assets.sportsbook.fanduel.com/images/team/nfl/kansas_city_chiefs.png,Total Receptions,1.5,-162,122,FanDuel,2025-11-13T11:52:24.885749
11,Kansas City Chiefs @ Denver Broncos,Marvin Mims Jr.,Denver Broncos,https://assets.sportsbook.fanduel.com/images/team/nfl/denver_broncos.png,1st Qtr Receiving Yds,0.5,106,-140,FanDuel,2025-11-13T11:52:24.885749
11,Kansas City Chiefs @ Denver Broncos,RJ Harvey,Denver Broncos,https://assets.sportsbook.fanduel.com/images/team/nfl/denver_broncos.png,Rushing + Receiving Yds,73.5,-114,-114,FanDuel,2025-11-13T11:52:24.885749
11,Kansas City Chiefs @ Denver Broncos,RJ Harvey,Denver Broncos,https://assets.sportsbook.fanduel.com/images/team/nfl/denver_broncos.png,Rush Attempts,13.5,-130,-102,FanDuel,2025-11-13T11:52:24.885749
11,Kansas City Chiefs @ Denver Broncos,RJ Harvey,Denver Broncos,https://assets.sportsbook.fanduel.com/images/team/nfl/denver_broncos.png,Rushing Yds,53.5,-114,-114,FanDuel,2025-11-13T11:52:24.885749
11,Baltimore Ravens @ Cleveland Browns,Dillon Gabriel,Cleveland Browns,https://assets.sportsbook.fanduel.com/images/team/nfl/cleveland_browns.png,Pass Completions,20.5,110,-146,FanDuel,2025-11-13T11:52:24.885749
11,Baltimore Ravens @ Cleveland Browns,Dillon Gabriel,Cleveland Browns,https://assets.sportsbook.fanduel.com/images/team/nfl/cleveland_browns.png,Passing Yds,178.5,-114,-114,FanDuel,2025-11-13T11:52:24.885749
11,Baltimore Ravens @ Cleveland Browns,Dillon Gabriel,Cleveland Browns,https://assets.sportsbook.fanduel.com/images/team/nfl/cleveland_browns.png,Passing TDs,0.5,-188,140,FanDuel,2025-11-13T11:52:24.885749
11,Baltimore Ravens @ Cleveland Browns,Dillon Gabriel,Cleveland Browns,https://assets.sportsbook.fanduel.com/images/team/nfl/cleveland_browns.png,Pass Attempts,33.5,108,-140,FanDuel,2025-11-13T11:52:24.885749
11,Baltimore Ravens @ Cleveland Browns,Harold Fannin Jr.,Cleveland Browns,https://assets.sportsbook.fanduel.com/images/team/nfl/cleveland_browns.png,Total Receptions,4.5,120,-160,FanDuel,2025-11-13T11:52:24.885749
11,Baltimore Ravens @ Cleveland Browns,Jerry Jeudy,Cleveland Browns,https://assets.sportsbook.fanduel.com/images/team/nfl/cleveland_browns.png,Receiving Yds,42.5,-114,-114,FanDuel,2025-11-13T11:52:24.885749
11,Baltimore Ravens @ Cleveland Browns,Harold Fannin Jr.,Cleveland Browns,https://assets.sportsbook.fanduel.com/images/team/nfl/cleveland_browns.png,Receiving Yds,35.5,-114,-114,FanDuel,2025-11-13T11:52:24.885749
11,Baltimore Ravens @ Cleveland Browns,Jerry Jeudy,Cleveland Browns,https://assets.sportsbook.fanduel.com/images/team/nfl/cleveland_browns.png,Total Receptions,3.5,-148,112,FanDuel,2025-11-13T11:52:24.885749
11,Baltimore Ravens @ Cleveland Browns,Quinshon Judkins,Cleveland Browns,https://assets.sportsbook.fanduel.com/images/team/nfl/cleveland_browns.png,Rushing Yds,70.5,-114,-114,FanDuel,2025-11-13T11:52:24.885749
11,Baltimore Ravens @ Cleveland Browns,Quinshon Judkins,Cleveland Browns,https://assets.sportsbook.fanduel.com/images/team/nfl/cleveland_browns.png,Rush Attempts,18.5,-122,-108,FanDuel,2025-11-13T11:52:24.885749
11,Detroit Lions @ Philadelphia Eagles,Jalen Hurts,Philadelphia Eagles,https://assets.sportsbook.fanduel.com/images/team/nfl/philadelphia_eagles.png,Passing + Rushing Yds,236.5,-114,-114,FanDuel,2025-11-13T11:52:24.885749
11,Detroit Lions @ Philadelphia Eagles,Jalen Hurts,Philadelphia Eagles,https://assets.sportsbook.fanduel.com/images/team/nfl/philadelphia_eagles.png,Longest Pass,36.5,-114,-114,FanDuel,2025-11-13T11:52:24.885749
11,Detroit Lions @ Philadelphia Eagles,Jared Goff,Detroit Lions,https://assets.sportsbook.fanduel.com/images/team/nfl/detroit_lions.png,Longest Pass,35.5,-114,-114,FanDuel,2025-11-13T11:52:24.885749
11,Detroit Lions @ Philadelphia Eagles,Jalen Hurts,Philadelphia Eagles,https://assets.sportsbook.fanduel.com/images/team/nfl/philadelphia_eagles.png,1st Qtr Passing Yds,43.5,-118,-112,FanDuel,2025-11-13T11:52:24.885749
11,Detroit Lions @ Philadelphia Eagles,Jared Goff,Detroit Lions,https://assets.sportsbook.fanduel.com/images/team/nfl/detroit_lions.png,Pass Attempts,32.5,-106,-122,FanDuel,2025-11-13T11:52:24.885749
11,Detroit Lions @ Philadelphia Eagles,Jared Goff,Detroit Lions,https://assets.sportsbook.fanduel.com/images/team/nfl/detroit_lions.png,Pass Completions,22.5,-106,-125,FanDuel,2025-11-13T11:52:24.885749
11,Detroit Lions @ Philadelphia Eagles,Jared Goff,Detroit Lions,https://assets.sportsbook.fanduel.com/images/team/nfl/detroit_lions.png,Passing TDs,1.5,100,-132,FanDuel,2025-11-13T11:52:24.885749
11,Detroit Lions @ Philadelphia Eagles,Jalen Hurts,Philadelphia Eagles,https://assets.sportsbook.fanduel.com/images/team/nfl/philadelphia_eagles.png,Passing TDs,1.5,-136,102,FanDuel,2025-11-13T11:52:24.885749
11,Detroit Lions @ Philadelphia Eagles,Jalen Hurts,Philadelphia Eagles,https://assets.sportsbook.fanduel.com/images/team/nfl/philadelphia_eagles.png,1st Qtr Passing + Rushing Yds,52.5,-112,-118,FanDuel,2025-11-13T11:52:24.885749
11,Detroit Lions @ Philadelphia Eagles,Jared Goff,Detroit Lions,https://assets.sportsbook.fanduel.com/images/team/nfl/detroit_lions.png,1st Qtr Passing Yds,54.5,-112,-118,FanDuel,2025-11-13T11:52:24.885749
11,Detroit Lions @ Philadelphia Eagles,Jalen Hurts,Philadelphia Eagles,https://assets.sportsbook.fanduel.com/images/team/nfl/philadelphia_eagles.png,Pass Attempts,26.5,-113,-115,FanDuel,2025-11-13T11:52:24.885749
11,Detroit Lions @ Philadelphia Eagles,Jalen Hurts,Philadelphia Eagles,https://assets.sportsbook.fanduel.com/images/team/nfl/philadelphia_eagles.png,Pass Completions,17.5,-122,-108,FanDuel,2025-11-13T11:52:24.885749
11,Detroit Lions @ Philadelphia Eagles,Jared Goff,Detroit Lions,https://assets.sportsbook.fanduel.com/images/team/nfl/detroit_lions.png,Passing Yds,241.5,-114,-114,FanDuel,2025-11-13T11:52:24.885749
11,Detroit Lions @ Philadelphia Eagles,Jalen Hurts,Philadelphia Eagles,https://assets.sportsbook.fanduel.com/images/team/nfl/philadelphia_eagles.png,Passing Yds,203.5,-114,-114,FanDuel,2025-11-13T11:52:24.885749
11,Detroit Lions @ Philadelphia Eagles,A.J. Brown,Philadelphia Eagles,https://assets.sportsbook.fanduel.com/images/team/nfl/philadelphia_eagles.png,1st Qtr Receiving Yds,11.5,-114,-114,FanDuel,2025-11-13T11:52:24.885749
11,Detroit Lions @ Philadelphia Eagles,A.J. Brown,Philadelphia Eagles,https://assets.sportsbook.fanduel.com/images/team/nfl/philadelphia_eagles.png,Total Receptions,4.5,112,-148,FanDuel,2025-11-13T11:52:24.885749
11,Detroit Lions @ Philadelphia Eagles,Dallas Goedert,Philadelphia Eagles,https://assets.sportsbook.fanduel.com/images/team/nfl/philadelphia_eagles.png,Total Receptions,4.5,124,-166,FanDuel,2025-11-13T11:52:24.885749
11,Detroit Lions @ Philadelphia Eagles,A.J. Brown,Philadelphia Eagles,https://assets.sportsbook.fanduel.com/images/team/nfl/philadelphia_eagles.png,Receiving Yds,60.5,-114,-114,FanDuel,2025-11-13T11:52:24.885749
11,Detroit Lions @ Philadelphia Eagles,Dallas Goedert,Philadelphia Eagles,https://assets.sportsbook.fanduel.com/images/team/nfl/philadelphia_eagles.png,1st Qtr Receiving Yds,5.5,-112,-118,FanDuel,2025-11-13T11:52:24.885749
11,Detroit Lions @ Philadelphia Eagles,DeVonta Smith,Philadelphia Eagles,https://assets.sportsbook.fanduel.com/images/team/nfl/philadelphia_eagles.png,Total Receptions,4.5,-128,-104,FanDuel,2025-11-13T11:52:24.885749
11,Detroit Lions @ Philadelphia Eagles,Dallas Goedert,Philadelphia Eagles,https://assets.sportsbook.fanduel.com/images/team/nfl/philadelphia_eagles.png,Longest Reception,16.5,-104,-128,FanDuel,2025-11-13T11:52:24.885749
11,Detroit Lions @ Philadelphia Eagles,A.J. Brown,Philadelphia Eagles,https://assets.sportsbook.fanduel.com/images/team/nfl/philadelphia_eagles.png,Longest Reception,24.5,-114,-114,FanDuel,2025-11-13T11:52:24.885749
11,Detroit Lions @ Philadelphia Eagles,DeVonta Smith,Philadelphia Eagles,https://assets.sportsbook.fanduel.com/images/team/nfl/philadelphia_eagles.png,1st Qtr Receiving Yds,10.5,-114,-114,FanDuel,2025-11-13T11:52:24.885749
11,Detroit Lions @ Philadelphia Eagles,Dallas Goedert,Philadelphia Eagles,https://assets.sportsbook.fanduel.com/images/team/nfl/philadelphia_eagles.png,Receiving Yds,37.5,-114,-114,FanDuel,2025-11-13T11:52:24.885749
11,Detroit Lions @ Philadelphia Eagles,Jahmyr Gibbs,Detroit Lions,https://assets.sportsbook.fanduel.com/images/team/nfl/detroit_lions.png,Longest Reception,10.5,-128,-104,FanDuel,2025-11-13T11:52:24.885749
11,Detroit Lions @ Philadelphia Eagles,DeVonta Smith,Philadelphia Eagles,https://assets.sportsbook.fanduel.com/images/team/nfl/philadelphia_eagles.png,Longest Reception,22.5,-112,-118,FanDuel,2025-11-13T11:52:24.885749
11,Detroit Lions @ Philadelphia Eagles,DeVonta Smith,Philadelphia Eagles,https://assets.sportsbook.fanduel.com/images/team/nfl/philadelphia_eagles.png,Receiving Yds,57.5,-114,-114,FanDuel,2025-11-13T11:52:24.885749
11,Detroit Lions @ Philadelphia Eagles,Jahmyr Gibbs,Detroit Lions,https://assets.sportsbook.fanduel.com/images/team/nfl/detroit_lions.png,Rushing + Receiving Yds,89.5,-114,-114,FanDuel,2025-11-13T11:52:24.885749
11,Detroit Lions @ Philadelphia Eagles,Jahmyr Gibbs,Detroit Lions,https://assets.sportsbook.fanduel.com/images/team/nfl/detroit_lions.png,1st Qtr Receiving Yds,2.5,-112,-118,FanDuel,2025-11-13T11:52:24.885749
11,Detroit Lions @ Philadelphia Eagles,Jahmyr Gibbs,Detroit Lions,https://assets.sportsbook.fanduel.com/images/team/nfl/detroit_lions.png,Total Receptions,3.5,102,-136,FanDuel,2025-11-13T11:52:24.885749
11,Detroit Lions @ Philadelphia Eagles,Jahmyr Gibbs,Detroit Lions,https://assets.sportsbook.fanduel.com/images/team/nfl/detroit_lions.png,Receiving Yds,21.5,-114,-114,FanDuel,2025-11-13T11:52:24.885749
11,Detroit Lions @ Philadelphia Eagles,Amon-Ra St. Brown,Detroit Lions,https://assets.sportsbook.fanduel.com/images/team/nfl/detroit_lions.png,1st Qtr Receiving Yds,17.5,-118,-112,FanDuel,2025-11-13T11:52:24.885749
11,Detroit Lions @ Philadelphia Eagles,Amon-Ra St. Brown,Detroit Lions,https://assets.sportsbook.fanduel.com/images/team/nfl/detroit_lions.png,Total Receptions,7.5,108,-144,FanDuel,2025-11-13T11:52:24.885749
11,Detroit Lions @ Philadelphia Eagles,Amon-Ra St. Brown,Detroit Lions,https://assets.sportsbook.fanduel.com/images/team/nfl/detroit_lions.png,Receiving Yds,73.5,-114,-114,FanDuel,2025-11-13T11:52:24.885749
11,Detroit Lions @ Philadelphia Eagles,Saquon Barkley,Philadelphia Eagles,https://assets.sportsbook.fanduel.com/images/team/nfl/philadelphia_eagles.png,Total Receptions,2.5,-140,106,FanDuel,2025-11-13T11:52:24.885749
11,Detroit Lions @ Philadelphia Eagles,Amon-Ra St. Brown,Detroit Lions,https://assets.sportsbook.fanduel.com/images/team/nfl/detroit_lions.png,Longest Reception,22.5,-106,-125,FanDuel,2025-11-13T11:52:24.885749
11,Detroit Lions @ Philadelphia Eagles,Saquon Barkley,Philadelphia Eagles,https://assets.sportsbook.fanduel.com/images/team/nfl/philadelphia_eagles.png,Rushing + Receiving Yds,91.5,-114,-114,FanDuel,2025-11-13T11:52:24.885749
11,Detroit Lions @ Philadelphia Eagles,Saquon Barkley,Philadelphia Eagles,https://assets.sportsbook.fanduel.com/images/team/nfl/philadelphia_eagles.png,Receiving Yds,16.5,-114,-114,FanDuel,2025-11-13T11:52:24.885749
11,Detroit Lions @ Philadelphia Eagles,Saquon Barkley,Philadelphia Eagles,https://assets.sportsbook.fanduel.com/images/team/nfl/philadelphia_eagles.png,1st Qtr Receiving Yds,0.5,116,-154,FanDuel,2025-11-13T11:52:24.885749
11,Detroit Lions @ Philadelphia Eagles,Jameson Williams,Detroit Lions,https://assets.sportsbook.fanduel.com/images/team/nfl/detroit_lions.png,Longest Reception,22.5,-112,-118,FanDuel,2025-11-13T11:52:24.885749
11,Detroit Lions @ Philadelphia Eagles,Jameson Williams,Detroit Lions,https://assets.sportsbook.fanduel.com/images/team/nfl/detroit_lions.png,1st Qtr Receiving Yds,7.5,-112,-118,FanDuel,2025-11-13T11:52:24.885749
11,Detroit Lions @ Philadelphia Eagles,Jameson Williams,Detroit Lions,https://assets.sportsbook.fanduel.com/images/team/nfl/detroit_lions.png,Receiving Yds,47.5,-114,-114,FanDuel,2025-11-13T11:52:24.885749
11,Detroit Lions @ Philadelphia Eagles,Jameson Williams,Detroit Lions,https://assets.sportsbook.fanduel.com/images/team/nfl/detroit_lions.png,Total Receptions,3.5,106,-140,FanDuel,2025-11-13T11:52:24.885749
11,Detroit Lions @ Philadelphia Eagles,David Montgomery,Detroit Lions,https://assets.sportsbook.fanduel.com/images/team/nfl/detroit_lions.png,Longest Rush,10.5,-130,-102,FanDuel,2025-11-13T11:52:24.885749
11,Detroit Lions @ Philadelphia Eagles,Saquon Barkley,Philadelphia Eagles,https://assets.sportsbook.fanduel.com/images/team/nfl/philadelphia_eagles.png,1st Qtr Rushing Yds,18.5,-112,-118,FanDuel,2025-11-13T11:52:24.885749
11,Detroit Lions @ Philadelphia Eagles,Jalen Hurts,Philadelphia Eagles,https://assets.sportsbook.fanduel.com/images/team/nfl/philadelphia_eagles.png,1st Qtr Rushing Yds,4.5,-110,-120,FanDuel,2025-11-13T11:52:24.885749
11,Detroit Lions @ Philadelphia Eagles,Jahmyr Gibbs,Detroit Lions,https://assets.sportsbook.fanduel.com/images/team/nfl/detroit_lions.png,Longest Rush,16.5,-114,-114,FanDuel,2025-11-13T11:52:24.885749
11,Detroit Lions @ Philadelphia Eagles,Saquon Barkley,Philadelphia Eagles,https://assets.sportsbook.fanduel.com/images/team/nfl/philadelphia_eagles.png,Rushing + Receiving Yds,91.5,-114,-114,FanDuel,2025-11-13T11:52:24.885749
11,Detroit Lions @ Philadelphia Eagles,Jalen Hurts,Philadelphia Eagles,https://assets.sportsbook.fanduel.com/images/team/nfl/philadelphia_eagles.png,Longest Rush,12.5,-102,-130,FanDuel,2025-11-13T11:52:24.885749
11,Detroit Lions @ Philadelphia Eagles,Saquon Barkley,Philadelphia Eagles,https://assets.sportsbook.fanduel.com/images/team/nfl/philadelphia_eagles.png,1st Qtr Rushing + Receiving Yds,22.5,-120,-110,FanDuel,2025-11-13T11:52:24.885749
11,Detroit Lions @ Philadelphia Eagles,Saquon Barkley,Philadelphia Eagles,https://assets.sportsbook.fanduel.com/images/team/nfl/philadelphia_eagles.png,Longest Rush,15.5,-114,-114,FanDuel,2025-11-13T11:52:24.885749
11,Detroit Lions @ Philadelphia Eagles,Jahmyr Gibbs,Detroit Lions,https://assets.sportsbook.fanduel.com/images/team/nfl/detroit_lions.png,Rushing + Receiving Yds,89.5,-114,-114,FanDuel,2025-11-13T11:52:24.885749
11,Detroit Lions @ Philadelphia Eagles,Jahmyr Gibbs,Detroit Lions,https://assets.sportsbook.fanduel.com/images/team/nfl/detroit_lions.png,1st Qtr Rushing + Receiving Yds,21.5,-114,-114,FanDuel,2025-11-13T11:52:24.885749
11,Detroit Lions @ Philadelphia Eagles,David Montgomery,Detroit Lions,https://assets.sportsbook.fanduel.com/images/team/nfl/detroit_lions.png,1st Qtr Rushing Yds,7.5,-122,-108,FanDuel,2025-11-13T11:52:24.885749
11,Detroit Lions @ Philadelphia Eagles,David Montgomery,Detroit Lions,https://assets.sportsbook.fanduel.com/images/team/nfl/detroit_lions.png,Rushing Yds,40.5,-114,-114,FanDuel,2025-11-13T11:52:24.885749
11,Detroit Lions @ Philadelphia Eagles,David Montgomery,Detroit Lions,https://assets.sportsbook.fanduel.com/images/team/nfl/detroit_lions.png,Rush Attempts,10.5,-118,-112,FanDuel,2025-11-13T11:52:24.885749
11,Detroit Lions @ Philadelphia Eagles,Jahmyr Gibbs,Detroit Lions,https://assets.sportsbook.fanduel.com/images/team/nfl/detroit_lions.png,Rushing Yds,63.5,-114,-114,FanDuel,2025-11-13T11:52:24.885749
11,Detroit Lions @ Philadelphia Eagles,Jalen Hurts,Philadelphia Eagles,https://assets.sportsbook.fanduel.com/images/team/nfl/philadelphia_eagles.png,Rush Attempts,6.5,-148,112,FanDuel,2025-11-13T11:52:24.885749
11,Detroit Lions @ Philadelphia Eagles,Jalen Hurts,Philadelphia Eagles,https://assets.sportsbook.fanduel.com/images/team/nfl/philadelphia_eagles.png,Rushing Yds,27.5,-114,-114,FanDuel,2025-11-13T11:52:24.885749
11,Detroit Lions @ Philadelphia Eagles,Jahmyr Gibbs,Detroit Lions,https://assets.sportsbook.fanduel.com/images/team/nfl/detroit_lions.png,Rush Attempts,13.5,-128,-104,FanDuel,2025-11-13T11:52:24.885749
11,Detroit Lions @ Philadelphia Eagles,Saquon Barkley,Philadelphia Eagles,https://assets.sportsbook.fanduel.com/images/team/nfl/philadelphia_eagles.png,Rushing Yds,70.5,-114,-114,FanDuel,2025-11-13T11:52:24.885749
11,Detroit Lions @ Philadelphia Eagles,Jahmyr Gibbs,Detroit Lions,https://assets.sportsbook.fanduel.com/images/team/nfl/detroit_lions.png,1st Qtr Rushing Yds,14.5,-122,-108,FanDuel,2025-11-13T11:52:24.885749
11,Detroit Lions @ Philadelphia Eagles,Saquon Barkley,Philadelphia Eagles,https://assets.sportsbook.fanduel.com/images/team/nfl/philadelphia_eagles.png,Rush Attempts,17.5,-106,-125,FanDuel,2025-11-13T11:52:24.885749
